GAME,"DRAW ID","DRAW DATE","MAIN NUMBERS",SUPP
wednesday_lotto,3971,"Wednesday 06 May 2020","3 26 14 29 5 27 ","44 32 "
wednesday_lotto,3969,"Wednesday 29 Apr 2020","20 7 4 17 38 39 ","44 33 "
wednesday_lotto,3967,"Wednesday 22 Apr 2020","11 4 24 19 43 15 ","12 8 "
wednesday_lotto,3965,"Wednesday 15 Apr 2020","14 19 39 12 41 44 ","27 8 "
wednesday_lotto,3963,"Wednesday 08 Apr 2020","41 29 7 8 10 35 ","26 14 "
wednesday_lotto,3961,"Wednesday 01 Apr 2020","27 11 34 37 40 45 ","15 22 "
wednesday_lotto,3959,"Wednesday 25 Mar 2020","6 18 40 1 11 42 ","41 10 "
wednesday_lotto,3957,"Wednesday 18 Mar 2020","18 15 19 14 41 22 ","10 20 "
wednesday_lotto,3955,"Wednesday 11 Mar 2020","18 45 2 5 42 32 ","17 13 "
wednesday_lotto,3953,"Wednesday 04 Mar 2020","29 12 39 6 8 40 ","10 37 "
wednesday_lotto,3951,"Wednesday 26 Feb 2020","26 12 31 45 20 16 ","24 43 "
wednesday_lotto,3949,"Wednesday 19 Feb 2020","36 43 7 21 2 18 ","25 9 "
wednesday_lotto,3947,"Wednesday 12 Feb 2020","11 41 37 14 5 45 ","39 13 "
wednesday_lotto,3945,"Wednesday 05 Feb 2020","31 1 45 25 44 39 ","10 36 "
wednesday_lotto,3943,"Wednesday 29 Jan 2020","26 5 24 11 10 30 ","2 43 "
wednesday_lotto,3941,"Wednesday 22 Jan 2020","31 23 2 13 4 38 ","27 45 "
wednesday_lotto,3939,"Wednesday 15 Jan 2020","30 4 19 6 32 25 ","33 9 "
wednesday_lotto,3937,"Wednesday 08 Jan 2020","9 42 24 13 22 11 ","26 1 "
wednesday_lotto,3935,"Wednesday 01 Jan 2020","23 24 37 25 20 43 ","33 18 "
wednesday_lotto,3933,"Wednesday 25 Dec 2019","2 31 40 28 26 23 ","30 22 "
wednesday_lotto,3931,"Wednesday 18 Dec 2019","36 10 13 5 38 14 ","15 20 "
wednesday_lotto,3929,"Wednesday 11 Dec 2019","3 22 8 41 4 28 ","43 12 "
wednesday_lotto,3927,"Wednesday 04 Dec 2019","12 38 16 2 40 35 ","29 24 "
wednesday_lotto,3925,"Wednesday 27 Nov 2019","45 5 40 17 38 10 ","7 44 "
wednesday_lotto,3923,"Wednesday 20 Nov 2019","34 35 8 29 15 36 ","1 24 "
wednesday_lotto,3921,"Wednesday 13 Nov 2019","18 41 44 19 38 43 ","14 42 "
wednesday_lotto,3919,"Wednesday 06 Nov 2019","39 26 19 12 4 40 ","37 14 "
wednesday_lotto,3917,"Wednesday 30 Oct 2019","43 25 44 33 7 15 ","6 34 "
wednesday_lotto,3915,"Wednesday 23 Oct 2019","2 14 24 8 20 22 ","9 41 "
wednesday_lotto,3913,"Wednesday 16 Oct 2019","8 32 31 10 22 43 ","4 27 "
wednesday_lotto,3911,"Wednesday 09 Oct 2019","30 22 32 25 11 20 ","31 12 "
wednesday_lotto,3909,"Wednesday 02 Oct 2019","9 23 41 33 3 4 ","34 29 "
wednesday_lotto,3907,"Wednesday 25 Sep 2019","10 44 23 27 25 2 ","17 38 "
wednesday_lotto,3905,"Wednesday 18 Sep 2019","37 19 38 44 27 34 ","7 35 "
wednesday_lotto,3903,"Wednesday 11 Sep 2019","3 35 41 33 1 11 ","23 13 "
wednesday_lotto,3901,"Wednesday 04 Sep 2019","3 15 10 6 42 38 ","37 30 "
wednesday_lotto,3899,"Wednesday 28 Aug 2019","13 2 17 36 14 20 ","33 28 "
wednesday_lotto,3897,"Wednesday 21 Aug 2019","44 45 40 35 31 36 ","42 18 "
wednesday_lotto,3895,"Wednesday 14 Aug 2019","29 17 44 2 38 23 ","11 40 "
wednesday_lotto,3893,"Wednesday 07 Aug 2019","7 40 36 15 19 45 ","41 2 "
wednesday_lotto,3891,"Wednesday 31 Jul 2019","42 16 34 19 10 29 ","22 44 "
wednesday_lotto,3889,"Wednesday 24 Jul 2019","27 22 26 15 20 23 ","35 6 "
wednesday_lotto,3887,"Wednesday 17 Jul 2019","27 40 7 15 45 24 ","22 10 "
wednesday_lotto,3885,"Wednesday 10 Jul 2019","28 30 45 27 7 36 ","31 2 "
wednesday_lotto,3883,"Wednesday 03 Jul 2019","35 19 45 3 40 42 ","11 13 "
wednesday_lotto,3881,"Wednesday 26 Jun 2019","7 25 5 35 40 19 ","4 15 "
wednesday_lotto,3879,"Wednesday 19 Jun 2019","10 8 16 7 39 3 ","6 18 "
wednesday_lotto,3877,"Wednesday 12 Jun 2019","13 26 38 10 34 31 ","7 37 "
wednesday_lotto,3875,"Wednesday 05 Jun 2019","30 42 40 4 34 1 ","12 39 "
wednesday_lotto,3873,"Wednesday 29 May 2019","24 26 21 27 30 19 ","40 45 "
wednesday_lotto,3871,"Wednesday 22 May 2019","34 7 30 14 42 4 ","20 32 "
wednesday_lotto,3869,"Wednesday 15 May 2019","40 34 9 42 1 41 ","6 27 "
wednesday_lotto,3867,"Wednesday 08 May 2019","35 26 10 36 16 22 ","27 32 "
wednesday_lotto,3865,"Wednesday 01 May 2019","36 8 13 35 34 28 ","21 4 "
wednesday_lotto,3863,"Wednesday 24 Apr 2019","35 6 21 44 28 11 ","27 17 "
wednesday_lotto,3861,"Wednesday 17 Apr 2019","35 14 8 45 27 32 ","24 6 "
wednesday_lotto,3859,"Wednesday 10 Apr 2019","11 28 22 36 37 34 ","29 2 "
wednesday_lotto,3857,"Wednesday 03 Apr 2019","7 19 10 5 45 4 ","33 43 "
wednesday_lotto,3855,"Wednesday 27 Mar 2019","6 14 20 18 25 5 ","35 41 "
wednesday_lotto,3853,"Wednesday 20 Mar 2019","1 27 33 39 23 45 ","30 41 "
wednesday_lotto,3851,"Wednesday 13 Mar 2019","45 11 10 14 44 33 ","35 9 "
wednesday_lotto,3849,"Wednesday 06 Mar 2019","1 43 28 34 40 22 ","23 19 "
wednesday_lotto,3847,"Wednesday 27 Feb 2019","40 42 10 22 14 39 ","44 26 "
wednesday_lotto,3845,"Wednesday 20 Feb 2019","1 38 13 33 29 27 ","15 14 "
wednesday_lotto,3843,"Wednesday 13 Feb 2019","38 25 2 29 12 22 ","6 39 "
wednesday_lotto,3841,"Wednesday 06 Feb 2019","18 15 25 41 27 7 ","28 17 "
wednesday_lotto,3839,"Wednesday 30 Jan 2019","41 28 42 11 37 40 ","29 18 "
wednesday_lotto,3837,"Wednesday 23 Jan 2019","36 3 6 16 21 9 ","34 41 "
wednesday_lotto,3835,"Wednesday 16 Jan 2019","28 35 44 42 14 19 ","32 39 "
wednesday_lotto,3833,"Wednesday 09 Jan 2019","42 1 5 34 45 31 ","13 20 "
wednesday_lotto,3831,"Wednesday 02 Jan 2019","22 1 33 13 41 6 ","12 37 "
wednesday_lotto,3829,"Wednesday 26 Dec 2018","19 5 11 6 2 20 ","25 39 "
wednesday_lotto,3827,"Wednesday 19 Dec 2018","19 2 6 17 16 15 ","42 28 "
wednesday_lotto,3825,"Wednesday 12 Dec 2018","5 44 2 32 14 29 ","28 8 "
wednesday_lotto,3823,"Wednesday 05 Dec 2018","19 12 17 45 6 24 ","23 3 "
wednesday_lotto,3821,"Wednesday 28 Nov 2018","38 23 30 39 2 44 ","1 24 "
wednesday_lotto,3819,"Wednesday 21 Nov 2018","18 20 19 6 1 14 ","24 32 "
wednesday_lotto,3817,"Wednesday 14 Nov 2018","4 30 37 14 22 15 ","41 5 "
wednesday_lotto,3815,"Wednesday 07 Nov 2018","40 31 16 32 30 20 ","28 39 "
wednesday_lotto,3813,"Wednesday 31 Oct 2018","3 2 12 39 31 8 ","33 43 "
wednesday_lotto,3811,"Wednesday 24 Oct 2018","6 24 12 22 11 5 ","27 28 "
wednesday_lotto,3809,"Wednesday 17 Oct 2018","13 45 42 31 5 38 ","18 40 "
wednesday_lotto,3807,"Wednesday 10 Oct 2018","10 15 40 5 43 19 ","42 34 "
wednesday_lotto,3805,"Wednesday 03 Oct 2018","34 17 45 8 6 1 ","15 24 "
wednesday_lotto,3803,"Wednesday 26 Sep 2018","11 5 14 45 39 8 ","36 26 "
wednesday_lotto,3801,"Wednesday 19 Sep 2018","20 7 23 43 30 32 ","4 35 "
wednesday_lotto,3799,"Wednesday 12 Sep 2018","10 31 40 35 9 15 ","41 14 "
wednesday_lotto,3797,"Wednesday 05 Sep 2018","38 13 8 45 3 40 ","30 20 "
wednesday_lotto,3795,"Wednesday 29 Aug 2018","28 40 41 37 17 42 ","38 30 "
wednesday_lotto,3793,"Wednesday 22 Aug 2018","2 44 39 34 5 41 ","12 8 "
wednesday_lotto,3791,"Wednesday 15 Aug 2018","43 30 37 42 40 27 ","26 11 "
wednesday_lotto,3789,"Wednesday 08 Aug 2018","22 11 3 2 45 7 ","42 10 "
wednesday_lotto,3787,"Wednesday 01 Aug 2018","25 19 17 35 40 38 ","41 8 "
wednesday_lotto,3785,"Wednesday 25 Jul 2018","26 27 31 1 23 39 ","41 16 "
wednesday_lotto,3783,"Wednesday 18 Jul 2018","9 45 13 21 28 23 ","19 27 "
wednesday_lotto,3781,"Wednesday 11 Jul 2018","13 40 23 27 34 1 ","9 41 "
wednesday_lotto,3779,"Wednesday 04 Jul 2018","12 14 44 30 4 11 ","21 13 "
wednesday_lotto,3777,"Wednesday 27 Jun 2018","2 22 10 28 5 24 ","42 32 "
wednesday_lotto,3775,"Wednesday 20 Jun 2018","31 39 37 3 21 29 ","19 30 "
wednesday_lotto,3773,"Wednesday 13 Jun 2018","39 32 31 13 27 28 ","10 4 "
wednesday_lotto,3771,"Wednesday 06 Jun 2018","35 21 19 8 36 37 ","2 15 "
wednesday_lotto,3769,"Wednesday 30 May 2018","20 22 14 36 12 41 ","5 43 "
wednesday_lotto,3767,"Wednesday 23 May 2018","23 29 28 13 9 39 ","40 26 "
wednesday_lotto,3765,"Wednesday 16 May 2018","25 41 32 16 6 11 ","21 17 "
wednesday_lotto,3763,"Wednesday 09 May 2018","42 18 2 3 33 16 ","26 14 "
wednesday_lotto,3761,"Wednesday 02 May 2018","15 4 14 16 29 30 ","35 20 "
wednesday_lotto,3759,"Wednesday 25 Apr 2018","36 7 28 41 4 23 ","29 24 "
wednesday_lotto,3757,"Wednesday 18 Apr 2018","36 11 3 41 4 45 ","43 7 "
wednesday_lotto,3755,"Wednesday 11 Apr 2018","27 41 5 37 33 24 ","1 39 "
wednesday_lotto,3753,"Wednesday 04 Apr 2018","19 38 12 29 37 23 ","27 34 "
wednesday_lotto,3751,"Wednesday 28 Mar 2018","18 31 29 4 24 34 ","16 3 "
wednesday_lotto,3749,"Wednesday 21 Mar 2018","32 44 41 5 34 23 ","39 37 "
wednesday_lotto,3747,"Wednesday 14 Mar 2018","17 31 9 4 36 34 ","5 15 "
wednesday_lotto,3745,"Wednesday 07 Mar 2018","2 1 9 45 43 19 ","6 27 "
wednesday_lotto,3743,"Wednesday 28 Feb 2018","2 31 32 28 37 38 ","34 39 "
wednesday_lotto,3741,"Wednesday 21 Feb 2018","5 38 45 21 12 19 ","41 30 "
wednesday_lotto,3739,"Wednesday 14 Feb 2018","45 10 43 27 37 39 ","21 18 "
wednesday_lotto,3737,"Wednesday 07 Feb 2018","37 20 32 31 6 14 ","26 8 "
wednesday_lotto,3735,"Wednesday 31 Jan 2018","35 29 14 37 16 38 ","40 24 "
wednesday_lotto,3733,"Wednesday 24 Jan 2018","4 45 7 36 33 27 ","37 44 "
wednesday_lotto,3731,"Wednesday 17 Jan 2018","42 21 32 28 27 6 ","45 22 "
wednesday_lotto,3729,"Wednesday 10 Jan 2018","16 30 29 23 20 28 ","37 26 "
wednesday_lotto,3727,"Wednesday 03 Jan 2018","41 2 29 32 20 28 ","12 1 "
wednesday_lotto,3725,"Wednesday 27 Dec 2017","12 2 41 45 19 9 ","14 29 "
wednesday_lotto,3723,"Wednesday 20 Dec 2017","40 14 12 27 19 39 ","44 30 "
wednesday_lotto,3721,"Wednesday 13 Dec 2017","6 41 15 13 9 16 ","7 20 "
wednesday_lotto,3719,"Wednesday 06 Dec 2017","8 43 36 34 14 13 ","30 37 "
wednesday_lotto,3717,"Wednesday 29 Nov 2017","13 35 36 15 44 33 ","14 5 "
wednesday_lotto,3715,"Wednesday 22 Nov 2017","24 27 10 11 36 20 ","9 41 "
wednesday_lotto,3713,"Wednesday 15 Nov 2017","37 17 10 14 20 28 ","21 27 "
wednesday_lotto,3711,"Wednesday 08 Nov 2017","6 11 34 38 3 23 ","30 5 "
wednesday_lotto,3709,"Wednesday 01 Nov 2017","2 18 22 23 45 27 ","3 34 "
wednesday_lotto,3707,"Wednesday 25 Oct 2017","43 10 28 24 14 22 ","32 35 "
wednesday_lotto,3705,"Wednesday 18 Oct 2017","35 41 17 16 34 10 ","33 45 "
wednesday_lotto,3703,"Wednesday 11 Oct 2017","26 17 34 35 23 12 ","3 33 "
wednesday_lotto,3701,"Wednesday 04 Oct 2017","13 32 23 42 17 18 ","16 4 "
wednesday_lotto,3699,"Wednesday 27 Sep 2017","34 33 28 5 26 37 ","40 25 "
wednesday_lotto,3697,"Wednesday 20 Sep 2017","17 13 5 24 37 26 ","28 40 "
wednesday_lotto,3695,"Wednesday 13 Sep 2017","45 3 41 20 21 9 ","28 12 "
wednesday_lotto,3693,"Wednesday 06 Sep 2017","30 16 36 13 23 45 ","12 21 "
wednesday_lotto,3691,"Wednesday 30 Aug 2017","21 25 35 34 42 23 ","27 32 "
wednesday_lotto,3689,"Wednesday 23 Aug 2017","19 10 11 40 37 17 ","31 30 "
wednesday_lotto,3687,"Wednesday 16 Aug 2017","10 21 5 43 34 35 ","36 12 "
wednesday_lotto,3685,"Wednesday 09 Aug 2017","7 4 45 26 27 14 ","2 34 "
wednesday_lotto,3683,"Wednesday 02 Aug 2017","9 17 28 8 25 45 ","31 13 "
wednesday_lotto,3681,"Wednesday 26 Jul 2017","5 19 37 8 34 4 ","15 44 "
wednesday_lotto,3679,"Wednesday 19 Jul 2017","33 8 32 1 40 43 ","45 35 "
wednesday_lotto,3677,"Wednesday 12 Jul 2017","24 11 34 17 23 22 ","15 29 "
wednesday_lotto,3675,"Wednesday 05 Jul 2017","3 36 11 18 32 24 ","7 14 "
wednesday_lotto,3673,"Wednesday 28 Jun 2017","34 30 27 38 6 32 ","4 5 "
wednesday_lotto,3671,"Wednesday 21 Jun 2017","30 40 16 28 35 38 ","10 11 "
wednesday_lotto,3669,"Wednesday 14 Jun 2017","30 25 45 22 39 44 ","31 43 "
wednesday_lotto,3667,"Wednesday 07 Jun 2017","6 29 11 27 2 17 ","23 3 "
wednesday_lotto,3665,"Wednesday 31 May 2017","42 32 16 6 19 25 ","12 3 "
wednesday_lotto,3663,"Wednesday 24 May 2017","36 11 32 19 42 2 ","21 10 "
wednesday_lotto,3661,"Wednesday 17 May 2017","30 5 25 11 27 18 ","21 19 "
wednesday_lotto,3659,"Wednesday 10 May 2017","14 4 39 29 38 17 ","9 24 "
wednesday_lotto,3657,"Wednesday 03 May 2017","19 16 35 38 4 11 ","39 1 "
wednesday_lotto,3655,"Wednesday 26 Apr 2017","40 21 5 10 3 19 ","32 9 "
wednesday_lotto,3653,"Wednesday 19 Apr 2017","7 1 5 31 27 22 ","33 45 "
wednesday_lotto,3651,"Wednesday 12 Apr 2017","9 44 22 10 8 5 ","24 33 "
wednesday_lotto,3649,"Wednesday 05 Apr 2017","6 28 4 43 11 24 ","44 38 "
wednesday_lotto,3647,"Wednesday 29 Mar 2017","12 20 38 37 27 32 ","41 43 "
wednesday_lotto,3645,"Wednesday 22 Mar 2017","6 11 23 22 35 18 ","37 27 "
wednesday_lotto,3643,"Wednesday 15 Mar 2017","39 38 3 34 33 5 ","45 17 "
wednesday_lotto,3641,"Wednesday 08 Mar 2017","34 43 8 25 30 2 ","44 1 "
wednesday_lotto,3639,"Wednesday 01 Mar 2017","5 13 42 38 9 41 ","28 15 "
wednesday_lotto,3637,"Wednesday 22 Feb 2017","44 30 43 10 26 42 ","14 13 "
wednesday_lotto,3635,"Wednesday 15 Feb 2017","30 26 43 39 3 6 ","35 36 "
wednesday_lotto,3633,"Wednesday 08 Feb 2017","8 10 12 19 35 31 ","32 30 "
wednesday_lotto,3631,"Wednesday 01 Feb 2017","29 31 21 6 17 25 ","1 3 "
wednesday_lotto,3629,"Wednesday 25 Jan 2017","37 19 16 22 8 43 ","31 5 "
wednesday_lotto,3627,"Wednesday 18 Jan 2017","12 24 36 39 29 32 ","38 16 "
wednesday_lotto,3625,"Wednesday 11 Jan 2017","27 21 12 1 44 45 ","38 16 "
wednesday_lotto,3623,"Wednesday 04 Jan 2017","19 15 26 7 28 34 ","12 22 "
wednesday_lotto,3621,"Wednesday 28 Dec 2016","4 20 16 6 1 10 ","34 36 "
wednesday_lotto,3619,"Wednesday 21 Dec 2016","32 33 3 27 14 17 ","25 44 "
wednesday_lotto,3617,"Wednesday 14 Dec 2016","9 1 29 41 19 28 ","38 10 "
wednesday_lotto,3615,"Wednesday 07 Dec 2016","29 5 34 10 16 42 ","32 2 "
wednesday_lotto,3613,"Wednesday 30 Nov 2016","40 7 6 25 16 33 ","9 15 "
wednesday_lotto,3611,"Wednesday 23 Nov 2016","30 32 15 6 40 37 ","13 18 "
wednesday_lotto,3609,"Wednesday 16 Nov 2016","35 44 7 43 3 4 ","25 8 "
wednesday_lotto,3607,"Wednesday 09 Nov 2016","7 38 19 4 22 3 ","15 20 "
wednesday_lotto,3605,"Wednesday 02 Nov 2016","5 23 3 7 31 6 ","22 9 "
wednesday_lotto,3603,"Wednesday 26 Oct 2016","16 24 20 42 7 10 ","25 35 "
wednesday_lotto,3601,"Wednesday 19 Oct 2016","33 44 12 30 8 23 ","35 9 "
wednesday_lotto,3599,"Wednesday 12 Oct 2016","21 23 10 22 34 32 ","7 36 "
wednesday_lotto,3597,"Wednesday 05 Oct 2016","10 39 37 40 21 2 ","8 30 "
wednesday_lotto,3595,"Wednesday 28 Sep 2016","4 40 39 5 45 30 ","1 43 "
wednesday_lotto,3593,"Wednesday 21 Sep 2016","29 4 30 42 3 10 ","7 38 "
wednesday_lotto,3591,"Wednesday 14 Sep 2016","35 36 4 24 20 18 ","15 34 "
wednesday_lotto,3589,"Wednesday 07 Sep 2016","34 45 43 41 10 7 ","28 29 "
wednesday_lotto,3587,"Wednesday 31 Aug 2016","32 25 44 10 43 17 ","13 28 "
wednesday_lotto,3585,"Wednesday 24 Aug 2016","37 19 31 9 42 36 ","27 35 "
wednesday_lotto,3583,"Wednesday 17 Aug 2016","41 37 23 42 27 38 ","40 34 "
wednesday_lotto,3581,"Wednesday 10 Aug 2016","27 25 2 17 43 12 ","29 42 "
wednesday_lotto,3579,"Wednesday 03 Aug 2016","12 34 29 42 23 15 ","31 3 "
wednesday_lotto,3577,"Wednesday 27 Jul 2016","9 27 23 37 43 34 ","45 24 "
wednesday_lotto,3575,"Wednesday 20 Jul 2016","23 12 29 16 41 27 ","1 38 "
wednesday_lotto,3573,"Wednesday 13 Jul 2016","31 16 14 27 32 1 ","37 39 "
wednesday_lotto,3571,"Wednesday 06 Jul 2016","2 8 45 29 15 41 ","37 24 "
wednesday_lotto,3569,"Wednesday 29 Jun 2016","23 42 31 21 28 22 ","37 14 "
wednesday_lotto,3567,"Wednesday 22 Jun 2016","4 5 24 20 10 26 ","21 17 "
wednesday_lotto,3565,"Wednesday 15 Jun 2016","42 25 30 39 28 40 ","13 6 "
wednesday_lotto,3563,"Wednesday 08 Jun 2016","20 43 39 42 22 33 ","27 28 "
wednesday_lotto,3561,"Wednesday 01 Jun 2016","14 15 29 36 12 35 ","13 2 "
wednesday_lotto,3559,"Wednesday 25 May 2016","36 41 18 31 22 34 ","10 26 "
wednesday_lotto,3557,"Wednesday 18 May 2016","36 29 2 35 41 16 ","38 24 "
wednesday_lotto,3555,"Wednesday 11 May 2016","22 13 1 31 8 11 ","41 25 "
wednesday_lotto,3553,"Wednesday 04 May 2016","44 8 31 29 41 37 ","43 9 "
wednesday_lotto,3551,"Wednesday 27 Apr 2016","19 33 38 40 17 36 ","5 45 "
wednesday_lotto,3549,"Wednesday 20 Apr 2016","21 31 45 13 39 7 ","14 30 "
wednesday_lotto,3549,"Wednesday 20 Apr 2016","21 31 45 13 39 7 ","14 30 "
wednesday_lotto,3549,"Wednesday 20 Apr 2016","21 31 45 13 39 7 ","14 30 "
wednesday_lotto,3549,"Wednesday 20 Apr 2016","21 31 45 13 39 7 ","14 30 "
wednesday_lotto,3549,"Wednesday 20 Apr 2016","21 31 45 13 39 7 ","14 30 "
wednesday_lotto,3549,"Wednesday 20 Apr 2016","21 31 45 13 39 7 ","14 30 "
wednesday_lotto,3549,"Wednesday 20 Apr 2016","21 31 45 13 39 7 ","14 30 "
wednesday_lotto,3549,"Wednesday 20 Apr 2016","21 31 45 13 39 7 ","14 30 "
wednesday_lotto,3549,"Wednesday 20 Apr 2016","21 31 45 13 39 7 ","14 30 "
wednesday_lotto,3549,"Wednesday 20 Apr 2016","21 31 45 13 39 7 ","14 30 "
wednesday_lotto,3549,"Wednesday 20 Apr 2016","21 31 45 13 39 7 ","14 30 "
wednesday_lotto,3549,"Wednesday 20 Apr 2016","21 31 45 13 39 7 ","14 30 "
wednesday_lotto,3547,"Wednesday 13 Apr 2016","38 23 36 35 39 32 ","13 5 "
wednesday_lotto,3547,"Wednesday 13 Apr 2016","38 23 36 35 39 32 ","13 5 "
wednesday_lotto,3547,"Wednesday 13 Apr 2016","38 23 36 35 39 32 ","13 5 "
wednesday_lotto,3547,"Wednesday 13 Apr 2016","38 23 36 35 39 32 ","13 5 "
wednesday_lotto,3547,"Wednesday 13 Apr 2016","38 23 36 35 39 32 ","13 5 "
wednesday_lotto,3547,"Wednesday 13 Apr 2016","38 23 36 35 39 32 ","13 5 "
wednesday_lotto,3547,"Wednesday 13 Apr 2016","38 23 36 35 39 32 ","13 5 "
wednesday_lotto,3547,"Wednesday 13 Apr 2016","38 23 36 35 39 32 ","13 5 "
wednesday_lotto,3547,"Wednesday 13 Apr 2016","38 23 36 35 39 32 ","13 5 "
wednesday_lotto,3547,"Wednesday 13 Apr 2016","38 23 36 35 39 32 ","13 5 "
wednesday_lotto,3547,"Wednesday 13 Apr 2016","38 23 36 35 39 32 ","13 5 "
wednesday_lotto,3547,"Wednesday 13 Apr 2016","38 23 36 35 39 32 ","13 5 "
wednesday_lotto,3545,"Wednesday 06 Apr 2016","29 42 33 14 13 8 ","9 10 "
wednesday_lotto,3545,"Wednesday 06 Apr 2016","29 42 33 14 13 8 ","9 10 "
wednesday_lotto,3545,"Wednesday 06 Apr 2016","29 42 33 14 13 8 ","9 10 "
wednesday_lotto,3545,"Wednesday 06 Apr 2016","29 42 33 14 13 8 ","9 10 "
wednesday_lotto,3545,"Wednesday 06 Apr 2016","29 42 33 14 13 8 ","9 10 "
wednesday_lotto,3545,"Wednesday 06 Apr 2016","29 42 33 14 13 8 ","9 10 "
wednesday_lotto,3545,"Wednesday 06 Apr 2016","29 42 33 14 13 8 ","9 10 "
wednesday_lotto,3545,"Wednesday 06 Apr 2016","29 42 33 14 13 8 ","9 10 "
wednesday_lotto,3545,"Wednesday 06 Apr 2016","29 42 33 14 13 8 ","9 10 "
wednesday_lotto,3545,"Wednesday 06 Apr 2016","29 42 33 14 13 8 ","9 10 "
wednesday_lotto,3545,"Wednesday 06 Apr 2016","29 42 33 14 13 8 ","9 10 "
wednesday_lotto,3545,"Wednesday 06 Apr 2016","29 42 33 14 13 8 ","9 10 "
wednesday_lotto,3543,"Wednesday 30 Mar 2016","18 19 28 36 39 44 ","2 11 "
wednesday_lotto,3541,"Wednesday 23 Mar 2016","5 6 18 25 44 45 ","14 40 "
wednesday_lotto,3539,"Wednesday 16 Mar 2016","5 22 23 30 33 35 ","14 24 "
wednesday_lotto,3537,"Wednesday 09 Mar 2016","5 6 13 24 25 26 ","4 9 "
wednesday_lotto,3535,"Wednesday 02 Mar 2016","6 23 25 29 38 45 ","34 44 "
wednesday_lotto,3533,"Wednesday 24 Feb 2016","2 12 17 27 39 44 ","33 45 "
wednesday_lotto,3531,"Wednesday 17 Feb 2016","17 25 29 30 31 34 ","18 38 "
wednesday_lotto,3529,"Wednesday 10 Feb 2016","1 11 16 30 32 34 ","27 31 "
wednesday_lotto,3527,"Wednesday 03 Feb 2016","8 14 25 28 30 35 ","3 27 "
wednesday_lotto,3525,"Wednesday 27 Jan 2016","16 28 35 43 44 45 ","4 30 "
wednesday_lotto,3523,"Wednesday 20 Jan 2016","18 22 26 39 41 44 ","2 37 "
wednesday_lotto,3521,"Wednesday 13 Jan 2016","11 13 15 19 21 28 ","31 41 "
wednesday_lotto,3519,"Wednesday 06 Jan 2016","12 23 31 35 36 39 ","19 24 "
wednesday_lotto,3517,"Wednesday 30 Dec 2015","13 18 22 24 28 33 ","43 44 "
wednesday_lotto,3515,"Wednesday 23 Dec 2015","2 3 7 20 28 31 ","24 40 "
wednesday_lotto,3513,"Wednesday 16 Dec 2015","1 3 11 21 23 41 ","33 35 "
wednesday_lotto,3511,"Wednesday 09 Dec 2015","13 17 35 38 41 45 ","10 21 "
wednesday_lotto,3509,"Wednesday 02 Dec 2015","12 16 22 28 32 40 ","18 30 "
wednesday_lotto,3507,"Wednesday 25 Nov 2015","7 10 26 38 42 44 ","2 13 "
wednesday_lotto,3505,"Wednesday 18 Nov 2015","4 20 21 27 30 31 ","35 36 "
wednesday_lotto,3503,"Wednesday 11 Nov 2015","4 8 25 27 33 35 ","7 15 "
wednesday_lotto,3501,"Wednesday 04 Nov 2015","8 10 16 20 37 41 ","5 30 "
wednesday_lotto,3499,"Wednesday 28 Oct 2015","5 13 19 22 37 39 ","29 31 "
wednesday_lotto,3497,"Wednesday 21 Oct 2015","3 12 16 24 39 43 ","7 8 "
wednesday_lotto,3495,"Wednesday 14 Oct 2015","1 4 10 22 32 43 ","13 30 "
wednesday_lotto,3493,"Wednesday 07 Oct 2015","14 15 19 32 33 42 ","24 36 "
wednesday_lotto,3491,"Wednesday 30 Sep 2015","10 16 24 25 35 37 ","11 41 "
wednesday_lotto,3489,"Wednesday 23 Sep 2015","2 16 22 26 32 39 ","4 44 "
wednesday_lotto,3487,"Wednesday 16 Sep 2015","16 18 20 23 27 35 ","2 32 "
wednesday_lotto,3485,"Wednesday 09 Sep 2015","1 6 16 23 27 31 ","11 37 "
wednesday_lotto,3483,"Wednesday 02 Sep 2015","5 15 16 25 33 44 ","10 29 "
wednesday_lotto,3481,"Wednesday 26 Aug 2015","6 25 26 30 32 41 ","11 38 "
wednesday_lotto,3479,"Wednesday 19 Aug 2015","7 25 30 38 41 43 ","33 42 "
wednesday_lotto,3477,"Wednesday 12 Aug 2015","2 6 14 15 27 32 ","13 42 "
wednesday_lotto,3475,"Wednesday 05 Aug 2015","2 7 13 21 35 41 ","14 45 "
wednesday_lotto,3473,"Wednesday 29 Jul 2015","9 19 29 35 41 44 ","2 43 "
wednesday_lotto,3471,"Wednesday 22 Jul 2015","8 12 15 29 32 38 ","17 27 "
wednesday_lotto,3469,"Wednesday 15 Jul 2015","9 19 21 23 25 44 ","32 35 "
wednesday_lotto,3467,"Wednesday 08 Jul 2015","1 11 19 26 29 40 ","6 24 "
wednesday_lotto,3465,"Wednesday 01 Jul 2015","5 13 14 24 29 35 ","20 44 "
wednesday_lotto,3463,"Wednesday 24 Jun 2015","5 15 19 26 28 37 ","18 42 "
wednesday_lotto,3461,"Wednesday 17 Jun 2015","19 24 26 34 39 44 ","1 12 "
wednesday_lotto,3459,"Wednesday 10 Jun 2015","1 2 11 20 37 38 ","18 35 "
wednesday_lotto,3457,"Wednesday 03 Jun 2015","3 21 31 36 37 38 ","1 4 "
wednesday_lotto,3455,"Wednesday 27 May 2015","5 20 32 34 42 45 ","36 38 "
wednesday_lotto,3453,"Wednesday 20 May 2015","16 19 25 29 33 37 ","26 41 "
wednesday_lotto,3451,"Wednesday 13 May 2015","5 9 12 25 32 38 ","28 37 "
wednesday_lotto,3449,"Wednesday 06 May 2015","2 6 24 26 33 39 ","16 37 "
wednesday_lotto,3447,"Wednesday 29 Apr 2015","8 10 19 29 35 43 ","1 17 "
wednesday_lotto,3445,"Wednesday 22 Apr 2015","2 4 11 23 26 41 ","32 33 "
wednesday_lotto,3443,"Wednesday 15 Apr 2015","3 6 19 22 29 31 ","24 33 "
wednesday_lotto,3441,"Wednesday 08 Apr 2015","16 20 24 30 33 42 ","1 41 "
wednesday_lotto,3439,"Wednesday 01 Apr 2015","1 21 22 24 31 37 ","5 43 "
wednesday_lotto,3437,"Wednesday 25 Mar 2015","5 9 11 20 31 36 ","14 25 "
wednesday_lotto,3435,"Wednesday 18 Mar 2015","4 8 21 25 26 34 ","11 33 "
wednesday_lotto,3433,"Wednesday 11 Mar 2015","2 13 17 21 26 45 ","28 30 "
wednesday_lotto,3431,"Wednesday 04 Mar 2015","1 4 26 29 32 45 ","24 36 "
wednesday_lotto,3429,"Wednesday 25 Feb 2015","2 6 24 31 34 35 ","4 26 "
wednesday_lotto,3427,"Wednesday 18 Feb 2015","7 8 10 18 37 42 ","15 31 "
wednesday_lotto,3425,"Wednesday 11 Feb 2015","8 12 26 30 32 38 ","31 34 "
wednesday_lotto,3423,"Wednesday 04 Feb 2015","2 24 27 33 34 36 ","29 43 "
wednesday_lotto,3421,"Wednesday 28 Jan 2015","3 4 13 24 36 38 ","10 29 "
wednesday_lotto,3419,"Wednesday 21 Jan 2015","1 14 24 27 43 45 ","20 40 "
wednesday_lotto,3417,"Wednesday 14 Jan 2015","8 17 36 39 43 44 ","6 14 "
wednesday_lotto,3415,"Wednesday 07 Jan 2015","5 7 11 15 25 26 ","39 45 "
wednesday_lotto,3413,"Wednesday 31 Dec 2014","2 7 14 25 26 39 ","6 8 "
wednesday_lotto,3411,"Wednesday 24 Dec 2014","1 7 12 13 14 21 ","35 38 "
wednesday_lotto,3409,"Wednesday 17 Dec 2014","6 13 22 25 36 40 ","23 41 "
wednesday_lotto,3407,"Wednesday 10 Dec 2014","7 11 18 19 20 37 ","25 35 "
wednesday_lotto,3405,"Wednesday 03 Dec 2014","3 15 17 21 32 43 ","16 24 "
wednesday_lotto,3403,"Wednesday 26 Nov 2014","3 8 14 23 44 45 ","25 36 "
wednesday_lotto,3401,"Wednesday 19 Nov 2014","1 3 14 16 29 42 ","9 23 "
wednesday_lotto,3399,"Wednesday 12 Nov 2014","12 18 20 30 33 42 ","4 26 "
wednesday_lotto,3397,"Wednesday 05 Nov 2014","4 13 28 34 37 43 ","17 21 "
wednesday_lotto,3395,"Wednesday 29 Oct 2014","1 16 19 32 38 41 ","24 42 "
wednesday_lotto,3393,"Wednesday 22 Oct 2014","1 16 21 26 31 38 ","25 43 "
wednesday_lotto,3391,"Wednesday 15 Oct 2014","6 11 19 24 40 42 ","4 10 "
wednesday_lotto,3389,"Wednesday 08 Oct 2014","9 12 13 15 32 33 ","8 17 "
wednesday_lotto,3387,"Wednesday 01 Oct 2014","5 9 20 22 25 36 ","42 44 "
wednesday_lotto,3385,"Wednesday 24 Sep 2014","2 8 9 10 12 18 ","22 27 "
wednesday_lotto,3383,"Wednesday 17 Sep 2014","6 7 17 26 31 32 ","3 14 "
wednesday_lotto,3381,"Wednesday 10 Sep 2014","8 23 25 34 41 42 ","14 18 "
wednesday_lotto,3379,"Wednesday 03 Sep 2014","7 13 17 24 32 41 ","26 28 "
wednesday_lotto,3377,"Wednesday 27 Aug 2014","5 7 9 34 36 44 ","19 40 "
wednesday_lotto,3375,"Wednesday 20 Aug 2014","3 4 6 18 21 27 ","15 34 "
wednesday_lotto,3373,"Wednesday 13 Aug 2014","11 34 35 36 38 40 ","18 26 "
wednesday_lotto,3371,"Wednesday 06 Aug 2014","1 16 20 29 37 44 ","6 32 "
wednesday_lotto,3369,"Wednesday 30 Jul 2014","2 13 25 31 35 40 ","20 43 "
wednesday_lotto,3367,"Wednesday 23 Jul 2014","1 6 24 25 29 34 ","17 45 "
wednesday_lotto,3365,"Wednesday 16 Jul 2014","3 25 27 29 33 36 ","41 43 "
wednesday_lotto,3363,"Wednesday 09 Jul 2014","12 13 16 26 39 41 ","2 40 "
wednesday_lotto,3361,"Wednesday 02 Jul 2014","4 9 18 25 27 42 ","20 45 "
wednesday_lotto,3359,"Wednesday 25 Jun 2014","11 25 33 34 42 45 ","13 23 "
wednesday_lotto,3357,"Wednesday 18 Jun 2014","1 12 28 29 31 45 ","7 8 "
wednesday_lotto,3355,"Wednesday 11 Jun 2014","3 17 18 35 37 38 ","16 23 "
wednesday_lotto,3353,"Wednesday 04 Jun 2014","7 8 20 26 28 32 ","9 40 "
wednesday_lotto,3351,"Wednesday 28 May 2014","15 19 27 30 32 42 ","2 13 "
wednesday_lotto,3349,"Wednesday 21 May 2014","5 11 12 32 33 40 ","15 29 "
wednesday_lotto,3347,"Wednesday 14 May 2014","3 5 9 13 20 27 ","25 44 "
wednesday_lotto,3345,"Wednesday 07 May 2014","1 11 20 23 41 44 ","17 19 "
wednesday_lotto,3343,"Wednesday 30 Apr 2014","1 8 14 22 28 38 ","7 13 "
wednesday_lotto,3341,"Wednesday 23 Apr 2014","5 9 11 14 21 39 ","34 35 "
wednesday_lotto,3339,"Thursday 17 Apr 2014","10 19 22 23 33 41 ","12 44 "
wednesday_lotto,3337,"Thursday 10 Apr 2014","8 16 32 38 41 44 ","21 45 "
wednesday_lotto,3335,"Thursday 03 Apr 2014","6 7 13 26 34 38 ","25 35 "
wednesday_lotto,3333,"Thursday 27 Mar 2014","11 16 20 25 34 43 ","30 42 "
wednesday_lotto,3331,"Thursday 20 Mar 2014","13 15 19 26 30 42 ","1 40 "
wednesday_lotto,3329,"Thursday 13 Mar 2014","4 9 12 15 22 33 ","10 16 "
wednesday_lotto,3327,"Thursday 06 Mar 2014","8 22 23 25 26 35 ","6 39 "
wednesday_lotto,3325,"Thursday 27 Feb 2014","3 4 11 12 19 44 ","40 45 "
wednesday_lotto,3323,"Thursday 20 Feb 2014","4 9 14 18 39 42 ","15 27 "
wednesday_lotto,3321,"Thursday 13 Feb 2014","8 14 28 34 36 44 ","13 23 "
wednesday_lotto,3319,"Thursday 06 Feb 2014","4 28 30 41 43 45 ","13 23 "
wednesday_lotto,3317,"Thursday 30 Jan 2014","4 6 8 18 32 42 ","13 36 "
wednesday_lotto,3315,"Thursday 23 Jan 2014","3 11 22 26 42 44 ","19 21 "
wednesday_lotto,3313,"Thursday 16 Jan 2014","2 15 16 20 24 30 ","9 44 "
wednesday_lotto,3311,"Thursday 09 Jan 2014","4 5 15 19 21 29 ","6 9 "
wednesday_lotto,3309,"Thursday 02 Jan 2014","3 4 14 24 29 45 ","11 16 "
wednesday_lotto,3307,"Thursday 26 Dec 2013","21 25 30 33 35 44 ","22 40 "
wednesday_lotto,3305,"Thursday 19 Dec 2013","2 4 26 30 36 38 ","24 43 "
wednesday_lotto,3303,"Thursday 12 Dec 2013","10 12 15 22 23 33 ","4 21 "
wednesday_lotto,3301,"Thursday 05 Dec 2013","3 6 17 35 42 45 ","12 34 "
wednesday_lotto,3299,"Thursday 28 Nov 2013","14 15 25 26 29 35 ","2 23 "
wednesday_lotto,3297,"Thursday 21 Nov 2013","3 23 34 38 40 41 ","18 20 "
wednesday_lotto,3295,"Thursday 14 Nov 2013","13 26 28 33 38 44 ","14 36 "
wednesday_lotto,3293,"Thursday 07 Nov 2013","1 20 31 33 34 42 ","24 38 "
wednesday_lotto,3291,"Thursday 31 Oct 2013","4 9 14 37 38 45 ","17 31 "
wednesday_lotto,3289,"Thursday 24 Oct 2013","3 9 16 26 27 42 ","39 43 "
wednesday_lotto,3287,"Thursday 17 Oct 2013","2 13 32 37 38 42 ","27 31 "
wednesday_lotto,3285,"Thursday 10 Oct 2013","10 16 22 28 31 34 ","37 44 "
wednesday_lotto,3283,"Thursday 03 Oct 2013","9 11 12 30 32 40 ","16 44 "
wednesday_lotto,3281,"Thursday 26 Sep 2013","18 26 30 32 33 38 ","5 22 "
wednesday_lotto,3279,"Thursday 19 Sep 2013","11 19 21 41 42 44 ","37 38 "
wednesday_lotto,3277,"Thursday 12 Sep 2013","1 2 7 11 28 32 ","35 42 "
wednesday_lotto,3275,"Thursday 05 Sep 2013","2 13 14 20 22 35 ","12 44 "
wednesday_lotto,3273,"Thursday 29 Aug 2013","11 14 15 32 33 40 ","31 44 "
wednesday_lotto,3271,"Thursday 22 Aug 2013","8 15 16 24 40 44 ","3 39 "
wednesday_lotto,3269,"Thursday 15 Aug 2013","11 19 25 32 41 45 ","8 33 "
wednesday_lotto,3267,"Thursday 08 Aug 2013","7 18 24 28 31 42 ","19 21 "
wednesday_lotto,3265,"Thursday 01 Aug 2013","4 7 14 18 24 43 ","31 39 "
wednesday_lotto,3263,"Thursday 25 Jul 2013","7 19 30 33 34 42 ","8 9 "
wednesday_lotto,3261,"Thursday 18 Jul 2013","3 6 8 16 18 42 ","21 41 "
wednesday_lotto,3259,"Thursday 11 Jul 2013","8 27 28 29 36 45 ","21 39 "
wednesday_lotto,3257,"Thursday 04 Jul 2013","3 23 29 32 33 45 ","25 37 "
wednesday_lotto,3255,"Thursday 27 Jun 2013","2 10 14 35 39 42 ","18 29 "
wednesday_lotto,3253,"Thursday 20 Jun 2013","1 5 9 18 22 30 ","28 38 "
wednesday_lotto,3251,"Thursday 13 Jun 2013","5 7 8 13 22 31 ","43 45 "
wednesday_lotto,3249,"Thursday 06 Jun 2013","2 19 35 40 42 44 ","4 12 "
wednesday_lotto,3247,"Thursday 30 May 2013","2 5 24 30 38 44 ","6 21 "
wednesday_lotto,3245,"Thursday 23 May 2013","9 11 15 21 24 29 ","10 44 "
wednesday_lotto,3243,"Thursday 16 May 2013","8 18 20 22 26 30 ","1 4 "
wednesday_lotto,3241,"Thursday 09 May 2013","5 19 26 28 36 37 ","1 6 "
wednesday_lotto,3239,"Thursday 02 May 2013","3 7 20 23 39 43 ","19 36 "
wednesday_lotto,3237,"Thursday 25 Apr 2013","7 13 18 39 44 45 ","1 43 "
wednesday_lotto,3235,"Thursday 18 Apr 2013","4 10 19 31 34 38 ","20 45 "
wednesday_lotto,3233,"Thursday 11 Apr 2013","10 14 26 31 35 44 ","21 37 "
wednesday_lotto,3231,"Thursday 04 Apr 2013","13 17 19 28 36 39 ","27 35 "
wednesday_lotto,3229,"Thursday 28 Mar 2013","2 5 14 18 34 41 ","33 42 "
wednesday_lotto,3227,"Thursday 21 Mar 2013","8 13 15 27 39 40 ","10 31 "
wednesday_lotto,3225,"Thursday 14 Mar 2013","1 3 19 21 22 38 ","14 28 "
wednesday_lotto,3223,"Thursday 07 Mar 2013","9 13 16 19 33 42 ","17 22 "
wednesday_lotto,3221,"Thursday 28 Feb 2013","3 8 20 26 41 45 ","15 23 "
wednesday_lotto,3219,"Thursday 21 Feb 2013","3 10 13 22 23 29 ","19 26 "
wednesday_lotto,3217,"Thursday 14 Feb 2013","2 18 33 37 39 40 ","15 42 "
wednesday_lotto,3215,"Thursday 07 Feb 2013","4 5 16 40 42 45 ","7 39 "
wednesday_lotto,3213,"Thursday 31 Jan 2013","5 10 15 28 31 39 ","11 44 "
wednesday_lotto,3211,"Thursday 24 Jan 2013","8 31 32 33 37 44 ","9 17 "
wednesday_lotto,3209,"Thursday 17 Jan 2013","3 4 11 33 36 45 ","15 37 "
wednesday_lotto,3207,"Thursday 10 Jan 2013","11 17 33 36 41 42 ","6 13 "
wednesday_lotto,3205,"Thursday 03 Jan 2013","10 21 24 36 37 43 ","31 45 "
wednesday_lotto,3203,"Thursday 27 Dec 2012","7 16 19 31 39 43 ","18 20 "
wednesday_lotto,3201,"Thursday 20 Dec 2012","9 12 16 18 29 36 ","38 42 "
wednesday_lotto,3199,"Thursday 13 Dec 2012","3 15 24 32 37 45 ","1 27 "
wednesday_lotto,3197,"Thursday 06 Dec 2012","1 10 19 24 31 32 ","23 41 "
wednesday_lotto,3195,"Thursday 29 Nov 2012","12 14 16 19 26 37 ","4 31 "
wednesday_lotto,3193,"Thursday 22 Nov 2012","6 7 12 19 26 30 ","8 14 "
wednesday_lotto,3191,"Thursday 15 Nov 2012","5 10 25 27 32 44 ","30 31 "
wednesday_lotto,3189,"Thursday 08 Nov 2012","5 14 16 23 26 30 ","36 45 "
wednesday_lotto,3187,"Thursday 01 Nov 2012","3 4 15 22 30 37 ","1 16 "
wednesday_lotto,3185,"Thursday 25 Oct 2012","2 8 20 23 28 29 ","5 11 "
wednesday_lotto,3183,"Thursday 18 Oct 2012","14 20 21 36 37 42 ","7 16 "
wednesday_lotto,3181,"Thursday 11 Oct 2012","3 7 9 36 42 45 ","18 29 "
wednesday_lotto,3179,"Thursday 04 Oct 2012","16 25 28 29 30 43 ","3 4 "
wednesday_lotto,3177,"Thursday 27 Sep 2012","2 5 22 32 37 45 ","23 38 "
wednesday_lotto,3175,"Thursday 20 Sep 2012","3 7 13 19 25 35 ","24 37 "
wednesday_lotto,3173,"Thursday 13 Sep 2012","22 29 33 37 41 44 ","15 45 "
wednesday_lotto,3171,"Thursday 06 Sep 2012","7 16 22 30 35 37 ","12 27 "
wednesday_lotto,3169,"Thursday 30 Aug 2012","6 20 28 30 39 40 ","9 45 "
wednesday_lotto,3167,"Thursday 23 Aug 2012","7 21 22 33 41 43 ","38 40 "
wednesday_lotto,3165,"Thursday 16 Aug 2012","2 16 17 21 33 37 ","6 42 "
wednesday_lotto,3163,"Thursday 09 Aug 2012","6 7 14 18 20 41 ","17 37 "
wednesday_lotto,3161,"Thursday 02 Aug 2012","2 17 18 24 34 37 ","5 28 "
wednesday_lotto,3159,"Thursday 26 Jul 2012","4 7 19 34 38 43 ","28 36 "
wednesday_lotto,3157,"Thursday 19 Jul 2012","5 7 18 20 37 38 ","17 35 "
wednesday_lotto,3155,"Thursday 12 Jul 2012","4 6 15 20 41 44 ","30 38 "
wednesday_lotto,3153,"Thursday 05 Jul 2012","6 8 13 22 35 40 ","14 45 "
wednesday_lotto,3151,"Thursday 28 Jun 2012","15 29 30 32 35 44 ","34 39 "
wednesday_lotto,3149,"Thursday 21 Jun 2012","10 24 30 32 38 41 ","27 37 "
wednesday_lotto,3147,"Thursday 14 Jun 2012","6 8 20 24 27 36 ","14 40 "
wednesday_lotto,3145,"Thursday 07 Jun 2012","9 23 24 32 36 41 ","22 45 "
wednesday_lotto,3143,"Thursday 31 May 2012","7 13 16 18 22 39 ","31 36 "
wednesday_lotto,3141,"Thursday 24 May 2012","8 11 18 27 40 44 ","26 35 "
wednesday_lotto,3139,"Thursday 17 May 2012","15 21 23 24 31 32 ","33 34 "
wednesday_lotto,3137,"Thursday 10 May 2012","3 16 19 25 38 44 ","29 42 "
wednesday_lotto,3135,"Thursday 03 May 2012","12 27 36 37 38 41 ","15 28 "
wednesday_lotto,3133,"Thursday 26 Apr 2012","6 27 34 37 40 45 ","10 23 "
wednesday_lotto,3131,"Thursday 19 Apr 2012","5 10 12 17 40 42 ","13 14 "
wednesday_lotto,3129,"Thursday 12 Apr 2012","10 29 32 39 40 42 ","1 43 "
wednesday_lotto,3127,"Thursday 05 Apr 2012","1 23 32 35 40 43 ","7 16 "
wednesday_lotto,3125,"Thursday 29 Mar 2012","5 11 13 30 42 44 ","31 37 "
wednesday_lotto,3123,"Thursday 22 Mar 2012","16 24 27 30 36 44 ","5 13 "
wednesday_lotto,3121,"Thursday 15 Mar 2012","5 12 30 33 38 40 ","3 27 "
wednesday_lotto,3119,"Thursday 08 Mar 2012","4 10 30 38 41 43 ","23 36 "
wednesday_lotto,3117,"Thursday 01 Mar 2012","3 5 14 16 37 39 ","20 26 "
wednesday_lotto,3115,"Thursday 23 Feb 2012","2 3 16 17 43 44 ","4 24 "
wednesday_lotto,3113,"Thursday 16 Feb 2012","5 8 11 29 33 40 ","19 21 "
wednesday_lotto,3111,"Thursday 09 Feb 2012","9 27 30 36 39 44 ","1 43 "
wednesday_lotto,3109,"Thursday 02 Feb 2012","1 9 30 35 37 43 ","33 38 "
wednesday_lotto,3107,"Thursday 26 Jan 2012","13 14 15 22 26 33 ","6 31 "
wednesday_lotto,3105,"Thursday 19 Jan 2012","1 13 19 25 32 37 ","6 9 "
wednesday_lotto,3103,"Thursday 12 Jan 2012","3 7 30 36 41 42 ","11 26 "
wednesday_lotto,3101,"Thursday 05 Jan 2012","5 9 11 28 29 31 ","14 26 "
wednesday_lotto,3099,"Thursday 29 Dec 2011","3 7 13 24 39 41 ","27 43 "
wednesday_lotto,3097,"Thursday 22 Dec 2011","5 9 10 32 35 36 ","2 23 "
wednesday_lotto,3095,"Thursday 15 Dec 2011","12 18 30 31 34 44 ","1 26 "
wednesday_lotto,3093,"Thursday 08 Dec 2011","7 13 17 19 37 41 ","5 31 "
wednesday_lotto,3091,"Thursday 01 Dec 2011","6 12 30 32 35 41 ","9 24 "
wednesday_lotto,3089,"Thursday 24 Nov 2011","1 27 29 30 32 39 ","15 23 "
wednesday_lotto,3087,"Thursday 17 Nov 2011","7 10 11 12 20 26 ","4 17 "
wednesday_lotto,3085,"Thursday 10 Nov 2011","17 22 27 34 36 37 ","25 43 "
wednesday_lotto,3083,"Thursday 03 Nov 2011","5 11 39 41 43 44 ","18 40 "
wednesday_lotto,3081,"Thursday 27 Oct 2011","1 2 7 14 23 24 ","10 12 "
wednesday_lotto,3079,"Thursday 20 Oct 2011","4 7 8 9 11 33 ","1 34 "
wednesday_lotto,3077,"Thursday 13 Oct 2011","14 15 22 23 32 35 ","25 30 "
wednesday_lotto,3075,"Thursday 06 Oct 2011","4 8 23 31 39 41 ","3 10 "
wednesday_lotto,3073,"Thursday 29 Sep 2011","11 29 31 35 44 45 ","16 17 "
wednesday_lotto,3071,"Thursday 22 Sep 2011","5 10 30 36 38 44 ","15 17 "
wednesday_lotto,3069,"Thursday 15 Sep 2011","11 12 15 16 27 30 ","20 23 "
wednesday_lotto,3067,"Thursday 08 Sep 2011","5 10 18 31 32 37 ","8 19 "
wednesday_lotto,3065,"Thursday 01 Sep 2011","3 5 8 12 13 31 ","23 34 "
wednesday_lotto,3063,"Thursday 25 Aug 2011","10 18 23 25 33 39 ","12 36 "
wednesday_lotto,3061,"Thursday 18 Aug 2011","4 11 27 28 29 43 ","35 40 "
wednesday_lotto,3059,"Thursday 11 Aug 2011","6 7 14 18 37 39 ","30 35 "
wednesday_lotto,3057,"Thursday 04 Aug 2011","3 7 11 20 21 42 ","15 24 "
wednesday_lotto,3055,"Thursday 28 Jul 2011","1 2 20 29 36 38 ","26 30 "
wednesday_lotto,3053,"Thursday 21 Jul 2011","1 3 10 11 26 42 ","8 9 "
wednesday_lotto,3051,"Thursday 14 Jul 2011","2 11 14 19 30 41 ","8 12 "
wednesday_lotto,3049,"Thursday 07 Jul 2011","1 10 11 15 27 32 ","4 21 "
wednesday_lotto,3047,"Thursday 30 Jun 2011","5 12 18 19 42 44 ","24 39 "
wednesday_lotto,3045,"Thursday 23 Jun 2011","2 21 29 33 36 40 ","4 13 "
wednesday_lotto,3043,"Thursday 16 Jun 2011","7 9 16 21 33 40 ","22 35 "
wednesday_lotto,3041,"Thursday 09 Jun 2011","8 10 12 15 24 27 ","5 36 "
wednesday_lotto,3039,"Thursday 02 Jun 2011","5 11 14 29 32 44 ","6 8 "
wednesday_lotto,3037,"Thursday 26 May 2011","11 15 18 22 28 38 ","6 39 "
wednesday_lotto,3035,"Thursday 19 May 2011","1 6 25 26 27 40 ","12 42 "
wednesday_lotto,3033,"Thursday 12 May 2011","7 14 18 27 39 44 ","19 33 "
wednesday_lotto,3031,"Thursday 05 May 2011","1 6 12 35 40 42 ","5 18 "
wednesday_lotto,3029,"Thursday 28 Apr 2011","5 12 35 36 40 45 ","26 29 "
wednesday_lotto,3027,"Thursday 21 Apr 2011","2 7 13 14 20 31 ","24 35 "
wednesday_lotto,3025,"Thursday 14 Apr 2011","7 16 20 23 25 40 ","1 36 "
wednesday_lotto,3023,"Thursday 07 Apr 2011","3 5 15 21 29 40 ","9 39 "
wednesday_lotto,3021,"Thursday 31 Mar 2011","12 21 22 35 43 45 ","6 7 "
wednesday_lotto,3019,"Thursday 24 Mar 2011","6 8 14 17 23 43 ","10 11 "
wednesday_lotto,3017,"Thursday 17 Mar 2011","1 6 10 11 32 36 ","9 27 "
wednesday_lotto,3015,"Thursday 10 Mar 2011","7 10 12 21 38 39 ","30 33 "
wednesday_lotto,3013,"Thursday 03 Mar 2011","2 6 27 32 43 45 ","9 14 "
wednesday_lotto,3011,"Thursday 24 Feb 2011","4 23 25 38 40 42 ","1 16 "
wednesday_lotto,3009,"Thursday 17 Feb 2011","10 16 19 22 24 32 ","23 45 "
wednesday_lotto,3007,"Thursday 10 Feb 2011","4 6 20 38 39 43 ","30 37 "
wednesday_lotto,3005,"Thursday 03 Feb 2011","5 21 26 30 43 44 ","17 19 "
wednesday_lotto,3003,"Thursday 27 Jan 2011","2 21 23 25 32 44 ","4 35 "
wednesday_lotto,3001,"Thursday 20 Jan 2011","1 7 17 40 43 45 ","10 41 "
wednesday_lotto,2999,"Thursday 13 Jan 2011","6 22 34 40 42 45 ","15 36 "
wednesday_lotto,2997,"Thursday 06 Jan 2011","3 10 11 14 17 28 ","12 43 "
wednesday_lotto,2995,"Thursday 30 Dec 2010","3 4 22 33 39 42 ","20 36 "
wednesday_lotto,2993,"Thursday 23 Dec 2010","1 4 9 33 35 43 ","31 38 "
wednesday_lotto,2991,"Thursday 16 Dec 2010","4 5 18 19 36 37 ","6 28 "
wednesday_lotto,2989,"Thursday 09 Dec 2010","2 7 24 26 34 45 ","29 43 "
wednesday_lotto,2987,"Thursday 02 Dec 2010","2 3 7 13 17 30 ","36 43 "
wednesday_lotto,2985,"Thursday 25 Nov 2010","5 6 30 42 43 44 ","4 28 "
wednesday_lotto,2983,"Thursday 18 Nov 2010","3 17 31 40 43 45 ","27 28 "
wednesday_lotto,2981,"Thursday 11 Nov 2010","2 23 27 28 36 44 ","6 8 "
wednesday_lotto,2979,"Thursday 04 Nov 2010","7 8 26 27 28 42 ","5 10 "
wednesday_lotto,2977,"Thursday 28 Oct 2010","7 15 19 29 39 41 ","4 12 "
wednesday_lotto,2975,"Thursday 21 Oct 2010","4 8 12 18 23 38 ","7 11 "
wednesday_lotto,2973,"Thursday 14 Oct 2010","12 23 24 37 40 44 ","4 43 "
wednesday_lotto,2971,"Thursday 07 Oct 2010","6 10 16 31 36 38 ","27 39 "
wednesday_lotto,2969,"Thursday 30 Sep 2010","9 23 29 30 33 42 ","11 12 "
wednesday_lotto,2967,"Thursday 23 Sep 2010","11 32 38 41 43 44 ","27 42 "
wednesday_lotto,2965,"Thursday 16 Sep 2010","6 11 13 17 42 44 ","22 41 "
wednesday_lotto,2963,"Thursday 09 Sep 2010","16 21 22 23 33 34 ","20 28 "
wednesday_lotto,2961,"Thursday 02 Sep 2010","7 24 30 35 42 44 ","27 28 "
wednesday_lotto,2959,"Thursday 26 Aug 2010","8 11 27 37 38 45 ","33 42 "
wednesday_lotto,2957,"Thursday 19 Aug 2010","4 16 23 30 36 38 ","29 31 "
wednesday_lotto,2955,"Thursday 12 Aug 2010","9 20 30 35 42 45 ","4 7 "
wednesday_lotto,2953,"Thursday 05 Aug 2010","4 6 9 26 36 45 ","11 15 "
wednesday_lotto,2951,"Thursday 29 Jul 2010","1 5 10 28 30 40 ","9 16 "
wednesday_lotto,2949,"Thursday 22 Jul 2010","2 10 23 28 35 38 ","25 27 "
wednesday_lotto,2947,"Thursday 15 Jul 2010","18 22 31 32 33 40 ","1 20 "
wednesday_lotto,2945,"Thursday 08 Jul 2010","4 10 15 24 33 38 ","21 45 "
wednesday_lotto,2943,"Thursday 01 Jul 2010","23 29 36 37 42 44 ","17 45 "
wednesday_lotto,2941,"Thursday 24 Jun 2010","2 14 20 34 44 45 ","3 4 "
wednesday_lotto,2939,"Thursday 17 Jun 2010","4 8 28 35 37 45 ","14 33 "
wednesday_lotto,2937,"Thursday 10 Jun 2010","16 22 28 38 41 42 ","5 19 "
wednesday_lotto,2935,"Thursday 03 Jun 2010","6 12 14 17 22 39 ","37 45 "
wednesday_lotto,2933,"Thursday 27 May 2010","12 18 23 40 41 45 ","3 35 "
wednesday_lotto,2931,"Thursday 20 May 2010","3 22 31 40 43 44 ","4 9 "
wednesday_lotto,2929,"Thursday 13 May 2010","3 6 19 23 33 34 ","25 35 "
wednesday_lotto,2927,"Thursday 06 May 2010","2 21 23 27 37 41 ","4 30 "
wednesday_lotto,2925,"Thursday 29 Apr 2010","11 17 20 24 25 45 ","33 41 "
wednesday_lotto,2923,"Thursday 22 Apr 2010","6 8 11 15 32 41 ","24 27 "
wednesday_lotto,2921,"Thursday 15 Apr 2010","1 5 29 34 42 43 ","13 17 "
wednesday_lotto,2919,"Thursday 08 Apr 2010","3 16 23 31 40 42 ","19 26 "
wednesday_lotto,2917,"Thursday 01 Apr 2010","9 11 23 25 30 40 ","1 13 "
wednesday_lotto,2915,"Thursday 25 Mar 2010","3 4 9 10 15 39 ","22 43 "
wednesday_lotto,2913,"Thursday 18 Mar 2010","10 14 16 21 24 32 ","5 6 "
wednesday_lotto,2911,"Thursday 11 Mar 2010","9 15 16 19 34 45 ","26 38 "
wednesday_lotto,2909,"Thursday 04 Mar 2010","11 16 21 24 35 37 ","38 45 "
wednesday_lotto,2907,"Thursday 25 Feb 2010","5 6 18 25 33 43 ","11 19 "
wednesday_lotto,2905,"Thursday 18 Feb 2010","8 25 26 27 28 39 ","40 41 "
wednesday_lotto,2903,"Thursday 11 Feb 2010","3 10 11 19 23 33 ","32 34 "
wednesday_lotto,2901,"Thursday 04 Feb 2010","5 7 21 23 36 42 ","11 29 "
wednesday_lotto,2899,"Thursday 28 Jan 2010","23 26 27 30 40 45 ","7 25 "
wednesday_lotto,2897,"Thursday 21 Jan 2010","1 12 29 34 37 40 ","15 39 "
wednesday_lotto,2895,"Thursday 14 Jan 2010","4 14 17 22 27 42 ","25 26 "
wednesday_lotto,2893,"Thursday 07 Jan 2010","9 22 29 36 43 44 ","25 31 "
wednesday_lotto,2891,"Thursday 31 Dec 2009","1 13 14 26 35 44 ","23 31 "
wednesday_lotto,2889,"Thursday 24 Dec 2009","1 13 14 18 28 34 ","7 9 "
wednesday_lotto,2887,"Thursday 17 Dec 2009","6 9 15 16 24 32 ","25 26 "
wednesday_lotto,2885,"Thursday 10 Dec 2009","4 18 20 31 37 41 ","24 27 "
wednesday_lotto,2883,"Thursday 03 Dec 2009","3 6 12 20 32 39 ","23 25 "
wednesday_lotto,2881,"Thursday 26 Nov 2009","8 27 31 39 41 42 ","3 25 "
wednesday_lotto,2879,"Thursday 19 Nov 2009","7 10 14 16 28 34 ","4 31 "
wednesday_lotto,2877,"Thursday 12 Nov 2009","2 9 23 35 36 45 ","1 28 "
wednesday_lotto,2875,"Thursday 05 Nov 2009","3 17 24 32 38 44 ","12 23 "
wednesday_lotto,2873,"Thursday 29 Oct 2009","1 9 32 33 35 36 ","14 16 "
wednesday_lotto,2871,"Thursday 22 Oct 2009","7 12 14 28 30 38 ","4 36 "
wednesday_lotto,2869,"Thursday 15 Oct 2009","3 12 17 30 39 43 ","5 36 "
wednesday_lotto,2867,"Thursday 08 Oct 2009","11 17 21 25 30 33 ","36 44 "
wednesday_lotto,2865,"Thursday 01 Oct 2009","1 4 14 21 23 45 ","30 31 "
wednesday_lotto,2863,"Thursday 24 Sep 2009","31 35 36 42 44 45 ","20 29 "
wednesday_lotto,2861,"Thursday 17 Sep 2009","5 6 25 29 36 39 ","14 15 "
wednesday_lotto,2859,"Thursday 10 Sep 2009","9 12 17 23 31 38 ","10 28 "
wednesday_lotto,2857,"Thursday 03 Sep 2009","12 19 23 26 28 43 ","30 36 "
wednesday_lotto,2855,"Thursday 27 Aug 2009","1 2 12 14 20 35 ","34 39 "
wednesday_lotto,2853,"Thursday 20 Aug 2009","4 10 13 17 18 25 ","24 40 "
wednesday_lotto,2851,"Thursday 13 Aug 2009","7 11 24 29 31 39 ","3 6 "
wednesday_lotto,2849,"Thursday 06 Aug 2009","3 4 25 32 33 43 ","17 36 "
wednesday_lotto,2847,"Thursday 30 Jul 2009","9 12 28 31 32 45 ","16 17 "
wednesday_lotto,2845,"Thursday 23 Jul 2009","1 7 8 11 28 30 ","33 35 "
wednesday_lotto,2843,"Thursday 16 Jul 2009","10 11 19 23 37 45 ","12 43 "
wednesday_lotto,2841,"Thursday 09 Jul 2009","3 14 15 18 42 45 ","4 21 "
wednesday_lotto,2839,"Thursday 02 Jul 2009","4 14 31 34 40 45 ","7 39 "
wednesday_lotto,2837,"Thursday 25 Jun 2009","11 18 26 32 41 44 ","7 22 "
wednesday_lotto,2835,"Thursday 18 Jun 2009","2 6 7 11 38 41 ","28 34 "
wednesday_lotto,2833,"Thursday 11 Jun 2009","3 13 15 30 35 43 ","18 20 "
wednesday_lotto,2831,"Thursday 04 Jun 2009","5 7 27 32 33 35 ","3 44 "
wednesday_lotto,2829,"Thursday 28 May 2009","4 14 26 37 41 44 ","29 33 "
wednesday_lotto,2827,"Thursday 21 May 2009","5 10 19 21 23 32 ","26 31 "
wednesday_lotto,2825,"Thursday 14 May 2009","4 8 12 32 35 43 ","26 30 "
wednesday_lotto,2823,"Thursday 07 May 2009","9 16 18 27 29 42 ","12 26 "
wednesday_lotto,2821,"Thursday 30 Apr 2009","2 6 22 27 32 35 ","14 40 "
wednesday_lotto,2819,"Thursday 23 Apr 2009","10 12 27 36 40 43 ","13 32 "
wednesday_lotto,2817,"Thursday 16 Apr 2009","4 9 12 17 38 39 ","1 21 "
wednesday_lotto,2815,"Thursday 09 Apr 2009","8 10 21 24 35 41 ","1 5 "
wednesday_lotto,2813,"Thursday 02 Apr 2009","3 4 8 17 27 39 ","16 30 "
wednesday_lotto,2811,"Thursday 26 Mar 2009","1 7 10 15 21 27 ","6 20 "
wednesday_lotto,2809,"Thursday 19 Mar 2009","8 28 31 32 39 40 ","1 34 "
wednesday_lotto,2807,"Thursday 12 Mar 2009","5 10 12 22 24 41 ","18 25 "
wednesday_lotto,2805,"Thursday 05 Mar 2009","1 4 10 16 20 39 ","14 31 "
wednesday_lotto,2803,"Thursday 26 Feb 2009","11 20 25 31 41 45 ","2 27 "
wednesday_lotto,2801,"Thursday 19 Feb 2009","2 17 26 35 41 44 ","7 22 "
wednesday_lotto,2799,"Thursday 12 Feb 2009","23 25 31 33 42 43 ","3 10 "
wednesday_lotto,2797,"Thursday 05 Feb 2009","5 15 26 27 37 43 ","42 45 "
wednesday_lotto,2795,"Thursday 29 Jan 2009","4 17 18 23 30 43 ","6 11 "
wednesday_lotto,2793,"Thursday 22 Jan 2009","4 7 8 10 21 33 ","13 30 "
wednesday_lotto,2791,"Thursday 15 Jan 2009","5 11 23 30 38 45 ","24 40 "
wednesday_lotto,2789,"Thursday 08 Jan 2009","26 32 35 37 38 45 ","10 31 "
wednesday_lotto,2787,"Thursday 01 Jan 2009","15 16 19 26 28 44 ","13 37 "
wednesday_lotto,2785,"Thursday 25 Dec 2008","14 19 22 25 33 42 ","27 43 "
wednesday_lotto,2783,"Thursday 18 Dec 2008","1 3 8 18 25 41 ","23 42 "
wednesday_lotto,2781,"Thursday 11 Dec 2008","7 9 16 18 24 38 ","12 39 "
wednesday_lotto,2779,"Thursday 04 Dec 2008","4 13 16 26 28 36 ","5 35 "
wednesday_lotto,2777,"Thursday 27 Nov 2008","5 19 22 32 34 42 ","35 39 "
wednesday_lotto,2775,"Thursday 20 Nov 2008","10 14 19 23 26 29 ","34 43 "
wednesday_lotto,2773,"Thursday 13 Nov 2008","1 3 10 29 34 39 ","11 18 "
wednesday_lotto,2771,"Thursday 06 Nov 2008","10 11 24 32 35 36 ","15 29 "
wednesday_lotto,2769,"Thursday 30 Oct 2008","10 27 30 34 43 45 ","8 17 "
wednesday_lotto,2767,"Thursday 23 Oct 2008","6 15 16 24 27 42 ","2 17 "
wednesday_lotto,2765,"Thursday 16 Oct 2008","13 16 21 27 28 43 ","26 38 "
wednesday_lotto,2763,"Thursday 09 Oct 2008","7 17 20 25 26 37 ","5 30 "
wednesday_lotto,2761,"Thursday 02 Oct 2008","2 8 20 32 39 41 ","31 43 "
wednesday_lotto,2759,"Thursday 25 Sep 2008","3 8 22 27 39 45 ","4 7 "
wednesday_lotto,2757,"Thursday 18 Sep 2008","7 27 28 40 44 45 ","5 9 "
wednesday_lotto,2755,"Thursday 11 Sep 2008","1 10 13 25 31 43 ","2 42 "
wednesday_lotto,2753,"Thursday 04 Sep 2008","5 22 23 33 36 41 ","15 32 "
wednesday_lotto,2751,"Thursday 28 Aug 2008","5 16 23 29 35 42 ","15 20 "
wednesday_lotto,2749,"Thursday 21 Aug 2008","2 9 11 26 27 45 ","14 17 "
wednesday_lotto,2747,"Thursday 14 Aug 2008","13 15 23 27 37 40 ","5 26 "
wednesday_lotto,2745,"Thursday 07 Aug 2008","4 8 29 42 44 45 ","2 35 "
wednesday_lotto,2743,"Thursday 31 Jul 2008","2 5 23 34 35 42 ","44 45 "
wednesday_lotto,2741,"Thursday 24 Jul 2008","2 18 25 30 35 41 ","15 16 "
wednesday_lotto,2739,"Thursday 17 Jul 2008","27 30 38 41 44 45 ","6 8 "
wednesday_lotto,2737,"Thursday 10 Jul 2008","11 22 24 37 38 40 ","2 23 "
wednesday_lotto,2735,"Thursday 03 Jul 2008","1 3 8 22 25 39 ","5 33 "
wednesday_lotto,2733,"Thursday 26 Jun 2008","2 20 22 23 37 44 ","14 25 "
wednesday_lotto,2731,"Thursday 19 Jun 2008","1 5 16 17 28 42 ","29 35 "
wednesday_lotto,2729,"Thursday 12 Jun 2008","13 18 22 28 32 38 ","42 44 "
wednesday_lotto,2727,"Thursday 05 Jun 2008","12 15 16 22 32 39 ","6 26 "
wednesday_lotto,2725,"Thursday 29 May 2008","3 5 17 21 32 33 ","26 44 "
wednesday_lotto,2723,"Thursday 22 May 2008","10 12 14 20 21 38 ","15 28 "
wednesday_lotto,2721,"Thursday 15 May 2008","17 19 27 33 37 39 ","6 8 "
wednesday_lotto,2719,"Thursday 08 May 2008","8 13 23 26 28 44 ","14 30 "
wednesday_lotto,2717,"Thursday 01 May 2008","3 8 18 22 32 34 ","21 42 "
wednesday_lotto,2715,"Thursday 24 Apr 2008","10 20 24 34 38 44 ","5 41 "
wednesday_lotto,2713,"Thursday 17 Apr 2008","4 17 19 31 35 45 ","8 24 "
wednesday_lotto,2711,"Thursday 10 Apr 2008","8 11 16 29 31 41 ","34 45 "
wednesday_lotto,2709,"Thursday 03 Apr 2008","3 6 19 23 31 35 ","30 38 "
wednesday_lotto,2707,"Thursday 27 Mar 2008","2 20 21 29 31 39 ","41 45 "
wednesday_lotto,2705,"Thursday 20 Mar 2008","16 23 24 25 36 45 ","39 40 "
wednesday_lotto,2703,"Thursday 13 Mar 2008","25 27 29 33 42 43 ","13 14 "
wednesday_lotto,2701,"Thursday 06 Mar 2008","2 3 11 16 21 30 ","18 40 "
wednesday_lotto,2699,"Thursday 28 Feb 2008","3 7 16 28 32 44 ","18 36 "
wednesday_lotto,2697,"Thursday 21 Feb 2008","3 5 13 16 32 43 ","2 45 "
wednesday_lotto,2695,"Thursday 14 Feb 2008","1 10 20 24 38 43 ","9 35 "
wednesday_lotto,2693,"Thursday 07 Feb 2008","15 17 29 31 34 42 ","3 45 "
wednesday_lotto,2691,"Thursday 31 Jan 2008","27 28 33 34 40 43 ","8 17 "
wednesday_lotto,2689,"Thursday 24 Jan 2008","6 10 21 29 39 44 ","5 22 "
wednesday_lotto,2687,"Thursday 17 Jan 2008","7 15 16 18 33 40 ","32 43 "
wednesday_lotto,2685,"Thursday 10 Jan 2008","1 7 24 26 27 32 ","21 44 "
wednesday_lotto,2683,"Thursday 03 Jan 2008","1 9 29 32 37 45 ","16 30 "
wednesday_lotto,2681,"Thursday 27 Dec 2007","17 22 31 34 37 43 ","14 30 "
wednesday_lotto,2679,"Thursday 20 Dec 2007","21 25 34 38 42 43 ","27 32 "
wednesday_lotto,2677,"Thursday 13 Dec 2007","2 7 11 18 37 43 ","14 42 "
wednesday_lotto,2675,"Thursday 06 Dec 2007","7 12 21 22 33 43 ","20 35 "
wednesday_lotto,2673,"Thursday 29 Nov 2007","8 9 19 21 23 38 ","27 31 "
wednesday_lotto,2671,"Thursday 22 Nov 2007","7 8 23 29 32 36 ","6 26 "
wednesday_lotto,2669,"Thursday 15 Nov 2007","13 16 18 26 29 31 ","6 43 "
wednesday_lotto,2667,"Thursday 08 Nov 2007","4 20 21 27 29 37 ","24 32 "
wednesday_lotto,2665,"Thursday 01 Nov 2007","1 14 15 16 17 19 ","21 37 "
wednesday_lotto,2663,"Thursday 25 Oct 2007","3 10 14 24 25 41 ","4 28 "
wednesday_lotto,2661,"Thursday 18 Oct 2007","6 11 12 13 26 35 ","10 45 "
wednesday_lotto,2659,"Thursday 11 Oct 2007","3 14 24 25 39 42 ","23 26 "
wednesday_lotto,2657,"Thursday 04 Oct 2007","6 11 17 18 20 45 ","2 14 "
wednesday_lotto,2655,"Thursday 27 Sep 2007","13 18 27 31 41 45 ","3 20 "
wednesday_lotto,2653,"Thursday 20 Sep 2007","4 8 20 30 39 45 ","10 16 "
wednesday_lotto,2651,"Thursday 13 Sep 2007","10 11 12 23 34 45 ","29 30 "
wednesday_lotto,2649,"Thursday 06 Sep 2007","3 10 29 34 35 40 ","9 24 "
wednesday_lotto,2647,"Thursday 30 Aug 2007","1 17 21 28 31 35 ","2 10 "
wednesday_lotto,2645,"Thursday 23 Aug 2007","11 13 23 30 38 45 ","27 34 "
wednesday_lotto,2643,"Thursday 16 Aug 2007","8 12 19 23 31 41 ","7 37 "
wednesday_lotto,2641,"Thursday 09 Aug 2007","2 4 13 26 31 41 ","5 14 "
wednesday_lotto,2639,"Thursday 02 Aug 2007","3 17 18 19 32 45 ","16 28 "
wednesday_lotto,2637,"Thursday 26 Jul 2007","4 15 30 35 41 42 ","19 38 "
wednesday_lotto,2635,"Thursday 19 Jul 2007","2 4 5 16 24 41 ","7 26 "
wednesday_lotto,2633,"Thursday 12 Jul 2007","2 4 14 16 19 35 ","17 43 "
wednesday_lotto,2631,"Thursday 05 Jul 2007","2 25 28 33 36 40 ","19 44 "
wednesday_lotto,2629,"Thursday 28 Jun 2007","1 11 31 36 38 43 ","25 26 "
wednesday_lotto,2627,"Thursday 21 Jun 2007","6 21 25 38 39 44 ","30 36 "
wednesday_lotto,2625,"Thursday 14 Jun 2007","5 6 9 14 23 35 ","17 19 "
wednesday_lotto,2623,"Thursday 07 Jun 2007","2 3 4 5 14 24 ","23 38 "
wednesday_lotto,2621,"Thursday 31 May 2007","2 12 14 27 28 31 ","30 33 "
wednesday_lotto,2619,"Thursday 24 May 2007","10 14 15 31 37 40 ","18 19 "
wednesday_lotto,2617,"Thursday 17 May 2007","5 13 17 19 35 45 ","27 41 "
wednesday_lotto,2615,"Thursday 10 May 2007","5 15 20 28 43 45 ","4 24 "
wednesday_lotto,2613,"Thursday 03 May 2007","12 22 28 32 36 43 ","7 11 "
wednesday_lotto,2611,"Thursday 26 Apr 2007","2 10 12 16 24 32 ","22 34 "
wednesday_lotto,2609,"Thursday 19 Apr 2007","10 15 17 33 37 44 ","11 24 "
wednesday_lotto,2607,"Thursday 12 Apr 2007","6 10 22 30 33 39 ","40 41 "
wednesday_lotto,2605,"Thursday 05 Apr 2007","5 20 22 24 34 41 ","11 19 "
wednesday_lotto,2603,"Thursday 29 Mar 2007","1 2 16 18 32 37 ","26 30 "
wednesday_lotto,2601,"Thursday 22 Mar 2007","3 10 26 34 39 45 ","6 17 "
wednesday_lotto,2599,"Thursday 15 Mar 2007","7 10 17 24 36 38 ","5 41 "
wednesday_lotto,2597,"Thursday 08 Mar 2007","5 8 30 34 38 42 ","11 23 "
wednesday_lotto,2595,"Thursday 01 Mar 2007","7 10 11 14 31 34 ","9 28 "
wednesday_lotto,2593,"Thursday 22 Feb 2007","4 13 21 27 35 42 ","28 38 "
wednesday_lotto,2591,"Thursday 15 Feb 2007","19 20 21 34 43 44 ","27 37 "
wednesday_lotto,2589,"Thursday 08 Feb 2007","18 20 24 31 40 45 ","8 17 "
wednesday_lotto,2587,"Thursday 01 Feb 2007","5 19 22 32 34 42 ","6 13 "
wednesday_lotto,2585,"Thursday 25 Jan 2007","2 10 13 29 30 43 ","41 45 "
wednesday_lotto,2583,"Thursday 18 Jan 2007","1 18 20 25 34 35 ","27 37 "
wednesday_lotto,2581,"Thursday 11 Jan 2007","1 5 9 19 26 34 ","30 38 "
wednesday_lotto,2579,"Thursday 04 Jan 2007","5 10 22 31 34 39 ","16 40 "
wednesday_lotto,2577,"Thursday 28 Dec 2006","4 5 13 26 32 37 ","2 10 "
wednesday_lotto,2575,"Thursday 21 Dec 2006","11 18 24 31 44 45 ","5 29 "
wednesday_lotto,2573,"Thursday 14 Dec 2006","6 9 14 18 24 37 ","16 27 "
wednesday_lotto,2571,"Thursday 07 Dec 2006","3 9 22 24 25 28 ","16 44 "
wednesday_lotto,2569,"Thursday 30 Nov 2006","13 19 24 30 34 44 ","3 35 "
wednesday_lotto,2567,"Thursday 23 Nov 2006","1 3 8 32 34 37 ","10 17 "
wednesday_lotto,2565,"Thursday 16 Nov 2006","20 30 31 32 38 39 ","6 8 "
wednesday_lotto,2563,"Thursday 09 Nov 2006","1 11 14 17 20 29 ","5 6 "
wednesday_lotto,2561,"Thursday 02 Nov 2006","16 18 25 38 44 45 ","10 20 "
wednesday_lotto,2559,"Thursday 26 Oct 2006","8 16 22 23 30 45 ","4 44 "
wednesday_lotto,2557,"Thursday 19 Oct 2006","3 21 22 25 27 45 ","37 38 "
wednesday_lotto,2555,"Thursday 12 Oct 2006","4 16 23 24 42 45 ","13 43 "
wednesday_lotto,2553,"Thursday 05 Oct 2006","5 10 20 27 30 36 ","11 32 "
wednesday_lotto,2551,"Thursday 28 Sep 2006","4 21 23 26 29 31 ","32 42 "
wednesday_lotto,2549,"Thursday 21 Sep 2006","3 5 10 20 39 43 ","7 44 "
wednesday_lotto,2547,"Thursday 14 Sep 2006","13 20 21 24 29 33 ","9 36 "
wednesday_lotto,2545,"Thursday 07 Sep 2006","11 18 26 38 40 45 ","3 36 "
wednesday_lotto,2543,"Thursday 31 Aug 2006","10 18 21 31 41 44 ","32 38 "
wednesday_lotto,2541,"Thursday 24 Aug 2006","1 6 7 11 24 34 ","12 30 "
wednesday_lotto,2539,"Thursday 17 Aug 2006","2 6 13 14 22 41 ","25 36 "
wednesday_lotto,2537,"Thursday 10 Aug 2006","2 12 14 19 22 45 ","15 21 "
wednesday_lotto,2535,"Thursday 03 Aug 2006","1 16 18 21 28 35 ","13 42 "
wednesday_lotto,2533,"Thursday 27 Jul 2006","2 6 12 35 40 41 ","27 29 "
wednesday_lotto,2531,"Thursday 20 Jul 2006","1 6 25 33 37 38 ","2 21 "
wednesday_lotto,2529,"Thursday 13 Jul 2006","14 16 17 26 29 32 ","3 37 "
wednesday_lotto,2527,"Thursday 06 Jul 2006","1 4 16 22 38 39 ","31 34 "
wednesday_lotto,2525,"Thursday 29 Jun 2006","4 9 10 35 36 37 ","14 33 "
wednesday_lotto,2523,"Thursday 22 Jun 2006","2 5 8 21 35 41 ","3 10 "
wednesday_lotto,2521,"Thursday 15 Jun 2006","5 15 17 22 24 32 ","30 35 "
wednesday_lotto,2519,"Thursday 08 Jun 2006","2 8 12 16 25 44 ","20 29 "
wednesday_lotto,2517,"Thursday 01 Jun 2006","6 9 14 16 34 45 ","4 41 "
wednesday_lotto,2515,"Thursday 25 May 2006","15 17 18 28 32 39 ","12 36 "
wednesday_lotto,2513,"Thursday 18 May 2006","7 25 27 34 37 44 ","18 20 "
wednesday_lotto,2511,"Thursday 11 May 2006","6 7 9 10 23 26 ","2 30 "
wednesday_lotto,2509,"Thursday 04 May 2006","4 7 10 18 33 40 ","13 44 "
wednesday_lotto,2507,"Thursday 27 Apr 2006","12 14 18 22 24 44 ","15 45 "
wednesday_lotto,2505,"Thursday 20 Apr 2006","2 4 21 24 27 44 ","31 45 "
wednesday_lotto,2503,"Thursday 13 Apr 2006","4 5 7 23 31 38 ","18 19 "
wednesday_lotto,2501,"Thursday 06 Apr 2006","1 2 8 31 33 39 ","28 40 "
wednesday_lotto,2499,"Thursday 30 Mar 2006","3 15 18 23 42 45 ","13 34 "
wednesday_lotto,2497,"Thursday 23 Mar 2006","6 11 17 20 26 42 ","9 21 "
wednesday_lotto,2495,"Thursday 16 Mar 2006","13 16 18 26 30 43 ","17 25 "
wednesday_lotto,2493,"Thursday 09 Mar 2006","1 3 4 13 23 36 ","2 12 "
wednesday_lotto,2491,"Thursday 02 Mar 2006","12 16 27 32 35 44 ","7 34 "
wednesday_lotto,2489,"Thursday 23 Feb 2006","5 21 33 40 42 43 ","12 27 "
wednesday_lotto,2487,"Thursday 16 Feb 2006","8 18 20 27 30 31 ","10 21 "
wednesday_lotto,2485,"Thursday 09 Feb 2006","1 13 16 25 27 41 ","35 38 "
wednesday_lotto,2483,"Thursday 02 Feb 2006","3 4 15 26 27 33 ","35 36 "
wednesday_lotto,2481,"Thursday 26 Jan 2006","4 5 7 11 25 45 ","16 43 "
wednesday_lotto,2479,"Thursday 19 Jan 2006","13 27 30 40 44 45 ","12 26 "
wednesday_lotto,2477,"Thursday 12 Jan 2006","3 6 10 33 44 45 ","36 40 "
wednesday_lotto,2475,"Thursday 05 Jan 2006","16 25 35 37 40 43 ","6 31 "
wednesday_lotto,2473,"Thursday 29 Dec 2005","5 8 17 19 33 40 ","28 43 "
wednesday_lotto,2471,"Thursday 22 Dec 2005","1 2 23 24 29 39 ","4 37 "
wednesday_lotto,2469,"Thursday 15 Dec 2005","2 18 26 28 42 43 ","22 29 "
wednesday_lotto,2467,"Thursday 08 Dec 2005","1 6 19 26 35 42 ","32 45 "
wednesday_lotto,2465,"Thursday 01 Dec 2005","1 6 25 32 33 43 ","10 42 "
wednesday_lotto,2463,"Thursday 24 Nov 2005","1 2 4 14 20 26 ","16 42 "
wednesday_lotto,2461,"Thursday 17 Nov 2005","1 6 16 19 25 36 ","12 45 "
wednesday_lotto,2459,"Thursday 10 Nov 2005","10 11 12 18 30 32 ","25 33 "
wednesday_lotto,2457,"Thursday 03 Nov 2005","2 3 22 27 31 36 ","12 44 "
wednesday_lotto,2455,"Thursday 27 Oct 2005","2 7 9 16 38 41 ","22 36 "
wednesday_lotto,2453,"Thursday 20 Oct 2005","1 5 13 22 28 31 ","17 18 "
wednesday_lotto,2451,"Thursday 13 Oct 2005","4 10 11 28 35 42 ","7 27 "
wednesday_lotto,2449,"Thursday 06 Oct 2005","21 23 28 30 40 45 ","4 9 "
wednesday_lotto,2447,"Thursday 29 Sep 2005","4 12 14 19 32 37 ","42 45 "
wednesday_lotto,2445,"Thursday 22 Sep 2005","17 18 26 33 36 38 ","6 25 "
wednesday_lotto,2443,"Thursday 15 Sep 2005","2 6 19 29 34 44 ","8 11 "
wednesday_lotto,2441,"Thursday 08 Sep 2005","6 14 16 27 29 42 ","21 35 "
wednesday_lotto,2439,"Thursday 01 Sep 2005","6 9 23 30 38 43 ","22 35 "
wednesday_lotto,2437,"Thursday 25 Aug 2005","15 21 22 31 38 41 ","4 25 "
wednesday_lotto,2435,"Thursday 18 Aug 2005","2 3 21 28 31 44 ","14 33 "
wednesday_lotto,2433,"Thursday 11 Aug 2005","2 6 8 26 37 45 ","4 30 "
wednesday_lotto,2431,"Thursday 04 Aug 2005","8 11 19 28 32 43 ","6 44 "
wednesday_lotto,2429,"Thursday 28 Jul 2005","1 19 24 28 31 38 ","10 25 "
wednesday_lotto,2427,"Thursday 21 Jul 2005","10 17 20 25 31 32 ","42 43 "
wednesday_lotto,2425,"Thursday 14 Jul 2005","2 5 8 9 11 18 ","26 27 "
wednesday_lotto,2423,"Thursday 07 Jul 2005","2 5 6 18 26 41 ","13 40 "
wednesday_lotto,2421,"Thursday 30 Jun 2005","9 12 15 17 35 43 ","14 26 "
wednesday_lotto,2419,"Thursday 23 Jun 2005","1 7 39 41 42 45 ","35 37 "
wednesday_lotto,2417,"Thursday 16 Jun 2005","7 13 23 31 34 44 ","2 26 "
wednesday_lotto,2415,"Thursday 09 Jun 2005","12 13 17 29 32 39 ","16 36 "
wednesday_lotto,2413,"Thursday 02 Jun 2005","1 2 24 30 41 43 ","12 13 "
wednesday_lotto,2411,"Thursday 26 May 2005","12 15 16 19 30 43 ","6 22 "
wednesday_lotto,2409,"Thursday 19 May 2005","7 20 30 38 43 44 ","13 14 "
wednesday_lotto,2407,"Thursday 12 May 2005","6 17 23 31 37 40 ","16 41 "
wednesday_lotto,2405,"Thursday 05 May 2005","10 20 23 35 37 45 ","14 42 "
wednesday_lotto,2403,"Thursday 28 Apr 2005","5 22 29 40 42 44 ","19 27 "
wednesday_lotto,2401,"Thursday 21 Apr 2005","20 21 24 26 37 45 ","11 18 "
wednesday_lotto,2399,"Thursday 14 Apr 2005","3 24 25 34 43 45 ","2 42 "
wednesday_lotto,2397,"Thursday 07 Apr 2005","2 6 11 16 17 23 ","3 38 "
wednesday_lotto,2395,"Thursday 31 Mar 2005","3 23 29 34 35 42 ","14 41 "
wednesday_lotto,2393,"Thursday 24 Mar 2005","1 7 30 31 36 37 ","13 33 "
wednesday_lotto,2391,"Thursday 17 Mar 2005","1 3 9 23 30 35 ","36 43 "
wednesday_lotto,2389,"Thursday 10 Mar 2005","14 17 40 42 43 45 ","25 37 "
wednesday_lotto,2387,"Thursday 03 Mar 2005","9 12 14 26 29 38 ","7 31 "
wednesday_lotto,2385,"Thursday 24 Feb 2005","6 13 42 43 44 45 ","5 16 "
wednesday_lotto,2383,"Thursday 17 Feb 2005","1 10 24 25 30 43 ","11 17 "
wednesday_lotto,2381,"Thursday 10 Feb 2005","17 20 23 34 35 45 ","31 41 "
wednesday_lotto,2379,"Thursday 03 Feb 2005","10 15 21 26 31 39 ","13 27 "
wednesday_lotto,2377,"Thursday 27 Jan 2005","15 28 34 37 43 45 ","13 23 "
wednesday_lotto,2375,"Thursday 20 Jan 2005","3 9 12 13 26 32 ","34 38 "
wednesday_lotto,2373,"Thursday 13 Jan 2005","2 17 20 21 28 32 ","6 11 "
wednesday_lotto,2371,"Thursday 06 Jan 2005","1 12 18 28 43 44 ","3 37 "
wednesday_lotto,2369,"Thursday 30 Dec 2004","1 8 11 13 18 20 ","24 35 "
wednesday_lotto,2367,"Thursday 23 Dec 2004","3 18 26 32 34 42 ","15 23 "
wednesday_lotto,2365,"Thursday 16 Dec 2004","1 10 19 22 28 40 ","6 17 "
wednesday_lotto,2363,"Thursday 09 Dec 2004","6 26 29 31 39 44 ","1 12 "
wednesday_lotto,2361,"Thursday 02 Dec 2004","5 14 15 16 22 28 ","8 9 "
wednesday_lotto,2359,"Thursday 25 Nov 2004","7 12 24 26 33 45 ","19 43 "
wednesday_lotto,2357,"Thursday 18 Nov 2004","7 8 18 20 36 42 ","39 44 "
wednesday_lotto,2355,"Thursday 11 Nov 2004","10 23 27 31 37 45 ","28 35 "
wednesday_lotto,2353,"Thursday 04 Nov 2004","5 10 11 21 27 34 ","12 20 "
wednesday_lotto,2351,"Thursday 28 Oct 2004","3 12 15 24 41 43 ","11 25 "
wednesday_lotto,2349,"Thursday 21 Oct 2004","2 11 12 17 26 30 ","14 24 "
wednesday_lotto,2347,"Thursday 14 Oct 2004","10 14 19 20 23 32 ","38 42 "
wednesday_lotto,2345,"Thursday 07 Oct 2004","1 6 9 31 34 37 ","35 44 "
wednesday_lotto,2343,"Thursday 30 Sep 2004","6 8 13 19 23 26 ","30 37 "
wednesday_lotto,2341,"Thursday 23 Sep 2004","5 7 17 18 19 28 ","4 30 "
wednesday_lotto,2339,"Thursday 16 Sep 2004","16 20 21 23 36 45 ","24 38 "
wednesday_lotto,2337,"Thursday 09 Sep 2004","12 23 24 39 40 45 ","37 43 "
wednesday_lotto,2335,"Thursday 02 Sep 2004","8 14 18 20 25 45 ","42 43 "
wednesday_lotto,2333,"Thursday 26 Aug 2004","9 23 31 34 35 43 ","7 8 "
wednesday_lotto,2331,"Thursday 19 Aug 2004","2 7 13 25 31 44 ","35 40 "
wednesday_lotto,2329,"Thursday 12 Aug 2004","7 13 24 30 34 36 ","10 22 "
wednesday_lotto,2327,"Thursday 05 Aug 2004","11 16 20 26 30 37 ","22 42 "
wednesday_lotto,2325,"Thursday 29 Jul 2004","7 9 11 26 29 41 ","16 27 "
wednesday_lotto,2323,"Thursday 22 Jul 2004","5 21 26 32 36 39 ","29 40 "
wednesday_lotto,2321,"Thursday 15 Jul 2004","4 10 14 24 37 39 ","6 18 "
wednesday_lotto,2319,"Thursday 08 Jul 2004","7 19 24 26 27 40 ","11 22 "
wednesday_lotto,2317,"Thursday 01 Jul 2004","8 11 13 25 29 32 ","28 33 "
wednesday_lotto,2315,"Thursday 24 Jun 2004","4 6 11 13 19 32 ","8 42 "
wednesday_lotto,2313,"Thursday 17 Jun 2004","7 19 23 24 29 45 ","5 37 "
wednesday_lotto,2311,"Thursday 10 Jun 2004","7 21 23 29 35 38 ","26 44 "
wednesday_lotto,2309,"Thursday 03 Jun 2004","10 12 20 27 30 45 ","8 21 "
wednesday_lotto,2307,"Thursday 27 May 2004","9 10 13 23 26 42 ","7 33 "
wednesday_lotto,2305,"Thursday 20 May 2004","13 21 26 29 32 45 ","6 25 "
wednesday_lotto,2303,"Thursday 13 May 2004","1 21 29 32 33 45 ","2 31 "
wednesday_lotto,2301,"Thursday 06 May 2004","9 11 12 23 24 39 ","31 44 "
wednesday_lotto,2299,"Thursday 29 Apr 2004","2 8 16 19 22 34 ","14 40 "
wednesday_lotto,2297,"Thursday 22 Apr 2004","6 17 21 25 26 37 ","7 16 "
wednesday_lotto,2295,"Thursday 15 Apr 2004","9 10 23 40 41 42 ","6 14 "
wednesday_lotto,2293,"Thursday 08 Apr 2004","5 7 8 23 35 43 ","26 28 "
wednesday_lotto,2291,"Thursday 01 Apr 2004","3 15 16 23 32 36 ","17 24 "
wednesday_lotto,2289,"Thursday 25 Mar 2004","15 22 30 31 34 41 ","7 14 "
wednesday_lotto,2287,"Thursday 18 Mar 2004","2 3 10 13 25 37 ","4 32 "
wednesday_lotto,2285,"Thursday 11 Mar 2004","1 2 19 20 42 43 ","23 34 "
wednesday_lotto,2283,"Thursday 04 Mar 2004","1 2 4 5 21 23 ","36 42 "
wednesday_lotto,2281,"Thursday 26 Feb 2004","8 11 14 26 41 44 ","10 12 "
wednesday_lotto,2279,"Thursday 19 Feb 2004","9 21 24 31 34 43 ","26 28 "
wednesday_lotto,2277,"Thursday 12 Feb 2004","3 15 17 29 32 40 ","10 38 "
wednesday_lotto,2275,"Thursday 05 Feb 2004","3 5 10 15 29 36 ","14 23 "
wednesday_lotto,2273,"Thursday 29 Jan 2004","4 6 10 14 22 33 ","8 17 "
wednesday_lotto,2271,"Thursday 22 Jan 2004","14 15 16 21 31 42 ","20 44 "
wednesday_lotto,2269,"Thursday 15 Jan 2004","29 31 34 39 41 44 ","10 11 "
wednesday_lotto,2267,"Thursday 08 Jan 2004","5 26 34 38 41 42 ","4 24 "
wednesday_lotto,2265,"Thursday 01 Jan 2004","10 17 29 32 33 36 ","19 27 "
wednesday_lotto,2263,"Thursday 25 Dec 2003","7 12 15 26 30 38 ","14 28 "
wednesday_lotto,2261,"Thursday 18 Dec 2003","8 21 38 39 43 44 ","17 29 "
wednesday_lotto,2259,"Thursday 11 Dec 2003","5 8 19 27 37 41 ","12 31 "
wednesday_lotto,2257,"Thursday 04 Dec 2003","7 14 20 27 30 32 ","34 44 "
wednesday_lotto,2255,"Thursday 27 Nov 2003","14 16 19 26 33 43 ","17 40 "
wednesday_lotto,2253,"Thursday 20 Nov 2003","3 8 17 35 40 42 ","9 28 "
wednesday_lotto,2251,"Thursday 13 Nov 2003","3 21 28 31 35 44 ","18 30 "
wednesday_lotto,2249,"Thursday 06 Nov 2003","8 10 30 39 40 43 ","9 14 "
wednesday_lotto,2247,"Thursday 30 Oct 2003","6 10 24 41 42 43 ","19 25 "
wednesday_lotto,2245,"Thursday 23 Oct 2003","3 4 5 17 22 31 ","15 38 "
wednesday_lotto,2243,"Thursday 16 Oct 2003","7 29 37 38 41 42 ","20 44 "
wednesday_lotto,2241,"Thursday 09 Oct 2003","7 17 27 29 37 40 ","6 34 "
wednesday_lotto,2239,"Thursday 02 Oct 2003","3 5 13 16 23 28 ","12 15 "
wednesday_lotto,2237,"Thursday 25 Sep 2003","16 17 28 32 41 42 ","2 3 "
wednesday_lotto,2235,"Thursday 18 Sep 2003","2 14 23 25 36 37 ","6 32 "
wednesday_lotto,2233,"Thursday 11 Sep 2003","2 8 17 21 33 43 ","26 41 "
wednesday_lotto,2231,"Thursday 04 Sep 2003","4 6 9 11 36 39 ","13 23 "
wednesday_lotto,2229,"Thursday 28 Aug 2003","2 8 10 11 14 30 ","16 21 "
wednesday_lotto,2227,"Thursday 21 Aug 2003","21 22 24 29 30 35 ","10 39 "
wednesday_lotto,2225,"Thursday 14 Aug 2003","4 15 17 22 24 40 ","1 32 "
wednesday_lotto,2223,"Thursday 07 Aug 2003","9 18 24 26 35 39 ","30 38 "
wednesday_lotto,2221,"Thursday 31 Jul 2003","1 7 10 19 24 44 ","2 33 "
wednesday_lotto,2219,"Thursday 24 Jul 2003","7 8 21 33 38 42 ","12 41 "
wednesday_lotto,2217,"Thursday 17 Jul 2003","4 8 14 18 25 28 ","13 31 "
wednesday_lotto,2215,"Thursday 10 Jul 2003","6 8 16 28 34 44 ","12 42 "
wednesday_lotto,2213,"Thursday 03 Jul 2003","1 12 14 15 19 39 ","10 23 "
wednesday_lotto,2211,"Thursday 26 Jun 2003","3 15 27 34 35 36 ","6 39 "
wednesday_lotto,2209,"Thursday 19 Jun 2003","3 8 23 34 36 37 ","18 38 "
wednesday_lotto,2207,"Thursday 12 Jun 2003","2 15 19 26 30 37 ","5 38 "
wednesday_lotto,2205,"Thursday 05 Jun 2003","10 12 13 17 26 38 ","3 22 "
wednesday_lotto,2203,"Thursday 29 May 2003","5 11 16 22 41 44 ","12 33 "
wednesday_lotto,2201,"Thursday 22 May 2003","1 5 21 22 30 40 ","17 36 "
wednesday_lotto,2199,"Thursday 15 May 2003","3 8 17 27 34 42 ","12 13 "
wednesday_lotto,2197,"Thursday 08 May 2003","1 2 8 16 27 28 ","7 40 "
wednesday_lotto,2195,"Thursday 01 May 2003","8 17 20 21 28 29 ","27 43 "
wednesday_lotto,2193,"Thursday 24 Apr 2003","1 8 10 14 15 39 ","9 13 "
wednesday_lotto,2191,"Thursday 17 Apr 2003","3 18 22 23 25 28 ","9 38 "
wednesday_lotto,2189,"Thursday 10 Apr 2003","6 15 17 20 24 27 ","3 36 "
wednesday_lotto,2187,"Thursday 03 Apr 2003","4 6 8 18 19 43 ","15 33 "
wednesday_lotto,2185,"Thursday 27 Mar 2003","4 5 26 30 39 44 ","11 33 "
wednesday_lotto,2183,"Thursday 20 Mar 2003","2 12 16 34 38 39 ","5 9 "
wednesday_lotto,2181,"Thursday 13 Mar 2003","16 29 30 31 37 39 ","14 18 "
wednesday_lotto,2179,"Thursday 06 Mar 2003","16 21 22 32 36 39 ","1 41 "
wednesday_lotto,2177,"Thursday 27 Feb 2003","7 14 15 17 23 43 ","8 39 "
wednesday_lotto,2175,"Thursday 20 Feb 2003","2 17 22 38 39 41 ","7 40 "
wednesday_lotto,2173,"Thursday 13 Feb 2003","4 9 14 19 33 43 ","3 12 "
wednesday_lotto,2171,"Thursday 06 Feb 2003","13 14 30 35 39 40 ","6 15 "
wednesday_lotto,2169,"Thursday 30 Jan 2003","2 8 18 33 40 41 ","14 43 "
wednesday_lotto,2167,"Thursday 23 Jan 2003","9 12 19 36 38 42 ","23 35 "
wednesday_lotto,2165,"Thursday 16 Jan 2003","4 22 23 25 27 36 ","24 41 "
wednesday_lotto,2163,"Thursday 09 Jan 2003","9 29 33 37 43 44 ","18 39 "
wednesday_lotto,2161,"Thursday 02 Jan 2003","6 7 10 13 16 36 ","29 33 "
wednesday_lotto,2159,"Friday 27 Dec 2002","5 23 25 39 40 42 ","30 44 "
wednesday_lotto,2157,"Thursday 19 Dec 2002","4 10 12 20 21 30 ","1 14 "
wednesday_lotto,2155,"Thursday 12 Dec 2002","1 8 22 37 39 41 ","24 36 "
wednesday_lotto,2153,"Thursday 05 Dec 2002","1 11 25 30 40 41 ","6 32 "
wednesday_lotto,2151,"Thursday 28 Nov 2002","8 9 21 22 30 36 ","34 41 "
wednesday_lotto,2149,"Thursday 21 Nov 2002","16 26 30 31 36 38 ","9 24 "
wednesday_lotto,2147,"Thursday 14 Nov 2002","1 11 12 20 26 28 ","32 40 "
wednesday_lotto,2145,"Thursday 07 Nov 2002","4 9 12 29 32 41 ","18 38 "
wednesday_lotto,2143,"Thursday 31 Oct 2002","8 9 13 15 21 43 ","2 36 "
wednesday_lotto,2141,"Thursday 24 Oct 2002","11 20 26 29 38 40 ","21 31 "
wednesday_lotto,2139,"Thursday 17 Oct 2002","2 4 5 13 18 27 ","1 41 "
wednesday_lotto,2137,"Thursday 10 Oct 2002","2 3 23 35 39 43 ","20 25 "
wednesday_lotto,2135,"Thursday 03 Oct 2002","5 6 17 26 27 41 ","12 38 "
wednesday_lotto,2133,"Thursday 26 Sep 2002","14 18 22 28 29 39 ","15 30 "
wednesday_lotto,2131,"Thursday 19 Sep 2002","3 4 14 15 22 32 ","9 11 "
wednesday_lotto,2129,"Friday 13 Sep 2002","10 17 32 38 39 41 ","23 43 "
wednesday_lotto,2127,"Thursday 05 Sep 2002","12 23 29 34 42 44 ","19 21 "
wednesday_lotto,2125,"Thursday 29 Aug 2002","1 25 28 32 37 41 ","11 35 "
wednesday_lotto,2123,"Thursday 22 Aug 2002","4 17 21 24 25 27 ","6 9 "
wednesday_lotto,2121,"Thursday 15 Aug 2002","2 5 16 27 29 41 ","21 36 "
wednesday_lotto,2119,"Thursday 08 Aug 2002","12 23 33 38 39 44 ","28 37 "
wednesday_lotto,2117,"Thursday 01 Aug 2002","10 18 19 26 40 44 ","6 31 "
wednesday_lotto,2115,"Thursday 25 Jul 2002","7 8 18 37 39 40 ","15 19 "
wednesday_lotto,2113,"Thursday 18 Jul 2002","7 12 20 26 33 34 ","37 42 "
wednesday_lotto,2111,"Thursday 11 Jul 2002","15 17 28 29 34 44 ","4 38 "
wednesday_lotto,2109,"Thursday 04 Jul 2002","2 8 23 26 32 33 ","15 35 "
wednesday_lotto,2107,"Thursday 27 Jun 2002","6 16 24 36 37 42 ","10 27 "
wednesday_lotto,2105,"Thursday 20 Jun 2002","16 28 32 39 41 42 ","17 43 "
wednesday_lotto,2103,"Thursday 13 Jun 2002","1 2 13 16 30 43 ","22 32 "
wednesday_lotto,2101,"Thursday 06 Jun 2002","13 17 19 22 34 43 ","2 41 "
wednesday_lotto,2099,"Thursday 30 May 2002","1 9 13 25 26 40 ","19 23 "
wednesday_lotto,2097,"Thursday 23 May 2002","12 21 26 32 42 44 ","2 40 "
wednesday_lotto,2095,"Thursday 16 May 2002","3 4 29 36 38 40 ","12 21 "
wednesday_lotto,2093,"Thursday 09 May 2002","7 15 21 26 33 37 ","11 43 "
wednesday_lotto,2091,"Thursday 02 May 2002","9 13 20 21 25 41 ","32 37 "
wednesday_lotto,2089,"Thursday 25 Apr 2002","1 5 8 9 13 31 ","25 30 "
wednesday_lotto,2087,"Thursday 18 Apr 2002","4 5 9 22 29 39 ","18 31 "
wednesday_lotto,2085,"Thursday 11 Apr 2002","10 19 31 36 41 43 ","30 40 "
wednesday_lotto,2083,"Thursday 04 Apr 2002","14 18 26 28 43 44 ","12 16 "
wednesday_lotto,2081,"Thursday 28 Mar 2002","5 7 24 31 34 39 ","12 32 "
wednesday_lotto,2079,"Thursday 21 Mar 2002","11 14 27 37 39 44 ","20 40 "
wednesday_lotto,2077,"Thursday 14 Mar 2002","9 13 15 24 29 32 ","20 25 "
wednesday_lotto,2075,"Thursday 07 Mar 2002","9 14 17 21 24 44 ","1 6 "
wednesday_lotto,2073,"Thursday 28 Feb 2002","2 4 16 28 31 44 ","35 40 "
wednesday_lotto,2071,"Thursday 21 Feb 2002","5 13 21 22 23 28 ","29 39 "
wednesday_lotto,2069,"Thursday 14 Feb 2002","9 12 16 32 38 39 ","5 20 "
wednesday_lotto,2067,"Thursday 07 Feb 2002","1 3 8 26 31 32 ","23 34 "
wednesday_lotto,2065,"Thursday 31 Jan 2002","5 13 22 24 34 35 ","15 42 "
wednesday_lotto,2063,"Thursday 24 Jan 2002","1 2 14 15 19 33 ","13 25 "
wednesday_lotto,2061,"Thursday 17 Jan 2002","8 21 22 29 32 33 ","6 37 "
wednesday_lotto,2059,"Thursday 10 Jan 2002","10 13 19 21 39 43 ","8 17 "
wednesday_lotto,2057,"Thursday 03 Jan 2002","9 14 19 20 39 40 ","6 29 "
